subj,session,time,person,chat,form,gloss,obj,gs_rel,context,spoken_obj,gestured_obj,referent,comments
43,5,,child,,,,,,C singing itsy bitsy spider,,,,
43,5,,parent,,,,,,C singing itsy bitsy spider,,,,
43,5,,child,Thomas climbing .,,,,,,,,,
43,5,,child,Thomas +...,,,,,,,,,
43,5,,child,climbing .,,,,,,,,,
43,5,,parent,"what are you doing, Lincoln ?",$,,,,,child,,child,
43,5,,child,"listen carefully, Mom .",,,,,,mom,,mom,
43,5,,parent,listen carefully ?,$,,,,,,,,
43,5,,parent,were you listening carefully ?,$,,,,,,,,
43,5,,parent,for Lilia ?,$,,,,,,,,
43,5,,child,no .,,,,,,,,,
43,5,,child,I not &xxx .,,,,,,,,,
43,5,,child,this a purple boxcar .,,,,,,boxcar,,boxcar,
43,5,,parent,uhoh .,,,,,,,,,
43,5,,parent,you got # cars on the track .,,,,,,car; track,,car; track,
43,5,,parent,"oops, now you have even more .",,,,,,,,,
43,5,,parent,you want to count all of these now ?,,,,,,,,,
43,5,,parent,we had six .,,,,,,,,,
43,5,0:01:21,child,we have four five six .,,,,,,,,,
43,5,,child,we have six boxes .,,,,,,box,,box,
43,5,,child,one box .,,,,,,box,,box,
43,5,,child,one box .,,,,,,box,,box,
43,5,,child,how_about go on +...,,,,,,,,,
43,5,,child,how_about I go on the rail truck ?,,,,,,rail_truck,,rail_truck,
43,5,,child,I put him with the milk truck .,,,,,,milk_truck,,milk_truck,
43,5,,child,"&oh, I pull him up and down &xxx .",,,,,,,,,
43,5,,parent,crane &xxx up up up ?,$,,,,,,,,
43,5,,child,that is the broken down car .,,,,,,car,,car,
43,5,,parent,yeah ?,$,,,,,,,,
43,5,,child,it broken down .,,,,,,,,,
43,5,,parent,who's going to fix it ?,$,,,,,,,,
43,5,,child,"who broke it, Mom ?",,,,,,mom,,mom,
43,5,0:02:54,parent,I don't know .,,,,,,,,,
43,5,,child,"who broke it, Mom ?",,,,,,mom,,mom,
43,5,,child,he sick .,,,,,,,,,
43,5,,child,&xxx take a down .,,,,,,,,,
43,5,,child,there .,,,,,,,,,
43,5,,child,"who broke it, Mom ?",,,,,,mom,,mom,
43,5,,parent,I don't know .,$,,,,,,,,
43,5,,parent,maybe there's something on the track .,$,,,,,train_track,,train_track,
43,5,,parent,maybe it ran over something big on the train tracks .,$,,,,,train_track,,train_track,
43,5,,child,who broke it ?,,,,,,,,,
43,5,,child,who broke the milk truck ?,,,,,,milk_truck,,milk_truck,
43,5,,child,"who broke it, Mom ?",,,,,,mom,,mom,
43,5,,parent,maybe there was a big piece of metal on the track .,$,,,,,metal; train_track,,metal; train_track,
43,5,,child,yes .,,,,,,,,,
43,5,,parent,who's going to fix it ?,$,,,,,,,,
43,5,,child,who broke it ?,,,,,,,,,
43,5,0:04:22,child,"who broke it, Mom ?",,,,,,mom,,mom,
43,5,,parent,Lincoln .,$,,,,,child,,child,
43,5,,child,who broke it ?,,,,,,,,,
43,5,,parent,maybe something was on the track and it ran over it .,$,,,,,train_track,,train_track,
43,5,,parent,broke one of the wheels .,$,,,,,wheel,,wheel,
43,5,,child,who broke it ?,,,,,,,,,
43,5,,child,who broke the milk truck ?,,,,,,milk_truck,,milk_truck,
43,5,,child,"who broke the milk truck, Mom ?",,,,,,milk_truck; mom,,milk_truck; mom,
43,5,,child,who broke it ?,,,,,,,,,
43,5,,child,milk truck .,,,,,,milk_truck,,milk_truck,
43,5,,parent,Lincoln .,$,,,,,child,,child,
43,5,,child,who broke the milk .,,,,,M and C at once,milk ,,milk ,
43,5,,parent,who # who do you think broke it ?,$,,,,M and C at once,,,,
43,5,,child,who +...,,,,,M and C at once,,,,
43,5,,parent,uhoh .,$,,,,M and C at once,,,,
43,5,,parent,who broke Cranky ?,$,,,,,,,,
43,5,,parent,did you knock him over ?,$,,,,,,,,
43,5,,parent,can you fix him ?,$,,,,,,,,
43,5,,parent,can you put him right side up ?,$,,,,,,,,
43,5,,child,who broke him ?,,,,,,,,,
43,5,,parent,"well, he's not broken .",$,,,,,,,,
43,5,,parent,he just fell over .,$,,,,,,,,
43,5,,parent,maybe a big gust of wind came by .,$,,,,,,,,
43,5,,parent,can you # can you lift him back up again ?,$,,,,,,,,
43,5,,parent,can you be the big crane and lift up the little crane ?,$,,,,,crane,,crane,
43,5,,parent,up up up .,$,,,,,,,,
43,5,,parent,you did it .,$,,,,,,,,
43,5,,child,yes .,,,,,,,,,
43,5,,parent,let's open the window .,$,,,,,window,,window,
43,5,,parent,it's nice out today .,$,,,,,,,,
43,5,,child,crane .,,,,,,crane,,crane,
43,5,,child,crane for crane .,,,,,,crane,,crane,
43,5,,child,p@l for crane .,,,,,,crane,,crane,
43,5,,parent,huh ?,$,,,,,,,,
43,5,,child,how_about for crane ?,,,,,,crane,,crane,
43,5,,parent,c@l .,$,,,,,,,,
43,5,,parent,c@l for crane .,$,,,,,crane,,crane,
43,5,,child,"c@l for crane, Mom .",,,,,,crane; mom,,crane; mom,
43,5,,child,"what is for crane, Mom ?",,,,,,crane; mom,,crane; mom,
43,5,,parent,c@l .,$,,,,,,,,
43,5,,child,a tie &xxx .,,,,,,,,,
43,5,0:05:50,child,"&oh, I got it .",,,,,,,,,
43,5,,child,dump the milk truck .,,,,,,milk_truck,,milk_truck,
43,5,,child,there .,,,,,,,,,
43,5,,child,a how it going to get down ?,,,,,,,,,
43,5,,child,he going &xxx .,,,,,,,,,
43,5,0:06:56,child,"no, Mom .",,,,,,mom,,mom,
43,5,,child,&ooh .,,,,,,,,,
43,5,,child,&xxx up .,,,,,,,,,
43,5,,child,I cannot reach you .,,,,,,,,,
43,5,,child,no .,,,,,,,,,
43,5,,child,I said no@q .,,,,,,,,,
43,5,,parent,who'd you say no to ?,$,,,,,,,,
43,5,0:07:44,child,to my milk truck .,point,milktruck,milktruck,Reinforce,,milk_truck,milk_truck,milk_truck,
43,5,,parent,"no, it's not really nice to say no, Lincoln .",$,,,,,child,,child,
43,5,,child,how_about I say no@q to ?,,,,,,,,,
43,5,,parent,I don't know .,$,,,,,,,,
43,5,,parent,you don't really need to say no .,$,,,,,,,,
43,5,,parent,it's not very nice to say no .,$,,,,,,,,
43,5,,child,can I sit in the dump+truck with you ?,,,,,,dumptruck,,dumptruck,
43,5,,parent,yes .,$,,,,,,,,
43,5,,parent,you want to go outside ?,$,,,,,,,,
43,5,,child,can I share with you ?,,,,,,,,,
43,5,,parent,you going to share with me ?,,,,,,,,,
43,5,,parent,is that what you said ?,,,,,,,,,
43,5,,child,can I share with you ?,,,,,,,,,
43,5,,parent,"yes, you can share with me .",,,,,,,,,
43,5,,parent,we can go outside .,,,,,,,,,
43,5,,child,let me come .,,,,,,,,,
43,5,,child,let me +...,,,,,,,,,
43,5,,parent,Lincoln .,,,,,,child,,child,
43,5,,parent,put your hand on the railing .,,,,,,hand; railing,,hand; railing,
43,5,,child,&xxx Lilia &xxx outside .,,,,,,,,,
43,5,,parent,"yeah, she's going to come too .",,,,,,,,,
43,5,,child,how_about Lilia too ?,,,,,,,,,
43,5,,parent,I'm going to put this in the trash .,,,,,,garbage,,garbage,
43,5,,child,it is &xxx .,,,,,,,,,
43,5,,child,"Lilia, I'm digging .",,,,,,,,,
43,5,,child,digging .,,,,,,,,,
43,5,,child,I'm digging .,,,,,,,,,
43,5,0:09:04,child,I'm digging .,,,,,,,,,
43,5,,child,Thomas .,,,,,,,,,
43,5,,child,I can go in &xxx .,,,,,,,,,
43,5,,child,in that .,,,,,,,,,
43,5,,child,can I sit in +...,,,,,,,,,
43,5,,parent,yeah .,$,,,,,,,,
43,5,,child,dump+truck with you ?,,,,,,dumptruck,,dumptruck,
43,5,,child,can I sit in dump+truck with you ?,,,,,,dumptruck,,dumptruck,
43,5,,child,can I sit this with you ?,,,,,,,,,
43,5,0:09:31,child,,hold,take truck,truck,Only Gesture,,,,,
43,5,0:09:31,parent,thank+you .,palm,give truck,truck,Add,,,truck,truck,
43,5,,parent,&oh oops .,,,,,,,,,
43,5,,parent,water in here .,,,,,,water,,water,
43,5,,parent,"thank+you, Lincoln .",,,,,,child,,child,
43,5,,parent,go like this .,,,,,,,,,
43,5,,parent,wipe them on my pants .,,,,,,pants,,pants,
43,5,,parent,there .,,,,,,,,,
43,5,,parent,all dry .,,,,,,,,,
43,5,,parent,is there some water in here ?,,,,,,water,,water,
43,5,,parent,I think this is from the sprinkler last night .,hold,truck filled with water,truck filled with water,Disambiguate,,sprinkler,truck; water,sprinkler; truck; water,
43,5,0:09:48,parent,can I dump it ?,hold~,truck filled with water,truck filled with water,Disambiguate,,,truck; water,truck; water,
43,5,,child,yes .,,,,,,,,,
43,5,,parent,a little muddy over here too .,,,,,,,,,
43,5,,parent,here .,,,,,,,,,
43,5,,parent,you play in the dry area .,,,,,,,,,
43,5,,parent,see ?,,,,,,,,,
43,5,0:10:00,parent,this is dirt .,point,dirt on ground,dirt on ground,Reinforce,,dirt,dirt,dirt,
43,5,0:10:02,parent,and this is muddy .,point,muddy ground,muddy ground,Reinforce,,,,,
43,5,,parent,"when dirt gets wet, it becomes muddy .",,,,,,,,,
43,5,,child,how_about Lilia ?,,,,,,,,,
43,5,,child,cheese .,,,,,,cheese,,cheese,
43,5,,child,cheese .,,,,,,cheese,,cheese,
43,5,,child,cheese .,,,,,,cheese,,cheese,
43,5,,child,cheese .,,,,,,cheese,,cheese,
43,5,,child,cheese .,,,,,,cheese,,cheese,
43,5,,child,cheese .,,,,,,cheese,,cheese,
43,5,,parent,are you smiling for the camera ?,$,,,,,camera,,camera,
43,5,,child,cheese .,,,,,,cheese,,cheese,
43,5,,child,cheese .,,,,,,cheese,,cheese,
43,5,,parent,cheese .,$,,,,,cheese,,cheese,
43,5,,parent,you going to play with your trucks ?,$,,,,,truck,,truck,
43,5,,child,can +...,,,,,,,,,
43,5,0:11:06,child,I looking at the camera .,,,,,,camera,,camera,
43,5,,parent,I know you are .,,,,,,,,,
43,5,,parent,I see that .,,,,,,,,,
43,5,,child,cheese .,,,,,,cheese,,cheese,
43,5,,child,cheese .,,,,,,cheese,,cheese,
43,5,,child,cheese .,,,,,,cheese,,cheese,
43,5,,parent,cheese .,,,,,,cheese,,cheese,
43,5,,child,cheese .,,,,,,cheese,,cheese,
43,5,,child,cheese .,,,,,,cheese,,cheese,
43,5,,parent,you want to water the flowers with the watering can ?,,,,,,flower; watering_can,,flower; watering_can ,
43,5,,child,can .,,,,,,watering_can,,watering_can,
43,5,,parent,&xxx can .,,,,,,watering_can,,watering_can,
43,5,,parent,fill it up .,,,,,,,,,
43,5,0:12:24,parent,can you lift it ?,,,,,,,,,
43,5,,parent,that's good .,,,,,,,,,
43,5,0:12:26,parent,let's go # water the tulips .,point.point,X plant. Tulip,X plant. Tulip,Add,,tulip,tulip,tulip,
43,5,,parent,on top .,,,,,,,,,
43,5,,parent,okay .,,,,,,,,,
43,5,0:12:38,parent,see ?,point,tulips,tulips,Add,,,tulip,tulip,
43,5,,parent,see all the little flowers ?,point~,tulips,tulips,Reinforce,,flower,tulip,flower; tulip,
43,5,,parent,go ahead .,,,,,,,,,
43,5,,child,&xxx water can .,,,,,,watering_can,,watering_can,
43,5,,parent,go ahead .,,,,,,,,,
43,5,,parent,they're saying I'm thirsty .,,,,,,,,,
43,5,,parent,can you water me ?,,,,,,,,,
43,5,,parent,that's good .,,,,,,,,,
43,5,,parent,okay .,,,,,,,,,
43,5,,parent,that's good .,,,,,,,,,
43,5,0:12:54,parent,how+about the hollyhock ?,point,hollyhock,hollyhock,Reinforce,,hollyhock,hollyhock,hollyhock,
43,5,,child,hollyhock .,,,,,,hollyhock,,hollyhock,
43,5,0:12:59,parent,there it is .,point,hollyhock,hollyhock,Disambiguate,,,hollyhock,hollyhock,
43,5,,child,hollyhock .,,,,,,hollyhock,,hollyhock,
43,5,,parent,that's the hollyhock .,,,,,,hollyhock,,hollyhock,
43,5,,parent,water that .,,,,,,,,,
43,5,,child,can I see in dirt ?,,,,,,dirt,,dirt,
43,5,,parent,can I what ?,,,,,,,,,
43,5,,child,can I see in dirt ?,,,,,,dirt,,dirt,
43,5,,child,in the dirt .,,,,,,dirt,,dirt,
43,5,,child,"can I see in the dirt, Mom ?",,,,,,dirt; mom,,dirt; mom,
43,5,,parent,"yeah, you can look at the dirt .",,,,,,dirt,,dirt,
43,5,,child,you &xxx .,,,,,,,,,
43,5,,child,this goes around and around .,,,,,,,,,
43,5,,child,the wheels are stuck &xxx .,,,,,,wheel,,wheel,
43,5,,child,send the boat home .,,,,,,boat,,boat,
43,5,,child,they're working &xxx the dirt .,,,,,,dirt,,dirt,
43,5,,child,he scraping the dirt up .,,,,,,dirt,,dirt,
43,5,,child,scrape +...,,,,,,,,,
43,5,,child,scrape .,,,,,,,,,
43,5,,child,I'm carry .,,,,,,,,,
43,5,,child,I carry &xxx .,,,,,,,,,
43,5,0:15:10,child,because the dump+truck will dump you .,,,,,,dumptruck,,dumptruck,
43,5,,child,because the dump+truck will dump you dirt out .,,,,,,dumptruck; dirt,,dumptruck; dirt,
43,5,,child,,,,,,not clear what C is saying if he is saying anything,,,,
43,5,,parent,,,,,,not clear what C is saying if he is saying anything,,,,
43,5,,child,what is in it ?,,,,,,,,,
43,5,,child,what this in it ?,,,,,,,,,
43,5,,child,dump+truck .,,,,,,dumptruck,,dumptruck,
43,5,,child,&xxx dump+truck .,,,,,,dumptruck,,dumptruck,
43,5,,child,how_come the dump+truck will pick up it ?,,,,,,dumptruck,,dumptruck,
43,5,,child,how_about Lilia ?,,,,,,,,,
43,5,,child,how_about Lilia ?,,,,,,,,,
43,5,,child,where the hose coming from ?,,,,,,hose,,hose,
43,5,,child,you .,,,,,,,,,
43,5,0:16:20,parent,what are you saying ?,$,,,,,,,,
43,5,,child,"hose from you, Mom .",point,M,M,Disambiguate,,mom,mom,mom,
43,5,,parent,what sweetie ?,,,,,,,,,
43,5,0:16:28,child,the hose come from you .,point,M,M,Disambiguate,,hose,mom,hose; mom,
43,5,,parent,"yes, the hose .",$,,,,,hose,,hose ,
43,5,,parent,"&oh, did you see me moving the hose ?",$,,,,,hose,,hose,
43,5,,parent,I was winding it up .,$,,,,,,,,
43,5,,parent,"here, we'll pull it back this way .",$,,,,,,,,
43,5,,child,&xxx I sat to the top .,,,,,,,,,
43,5,,parent,"what are you doing, Lincoln ?",$,,,,,child,,child,
43,5,,parent,what are you pretending to be ?,$,,,,,,,,
43,5,,child,I trying to tug it .,,,,,,,,,
43,5,,parent,tugging it ?,$,,,,,,,,
43,5,,parent,"&ooh, did you see these flowers, Lincoln ?",,,,,,flower; child,,flower; child,
43,5,0:17:49,parent,look .,,,,,,,,,
43,5,,child,can +...,,,,,,,,,
43,5,0:17:51,parent,"look, can you see the bud ?",hold,flower bud,flower bud,Reinforce,,flower_bud,flower_bud,flower_bud,
43,5,,child,can I hang on to the rope ?,,,,,,rope,,rope,
43,5,,parent,yeah .,,,,,,,,,
43,5,,child,can I hang on to the rope ?,,,,,,rope,,rope,
43,5,,parent,"yeah, you going to tug ?",,,,,,,,,
43,5,,parent,tug .,,,,,,,,,
43,5,,parent,&oh .,,,,,,,,,
43,5,,parent,pull .,,,,,,,,,
43,5,,parent,pull pull pull .,,,,,,,,,
43,5,,child,pull .,,,,,,,,,
43,5,,parent,uhoh .,,,,,,,,,
43,5,,parent,did it get you a little wet ?,,,,,,,,,
43,5,,parent,a little bit of water in the hose .,,,,,,water; hose,,water; hose,
43,5,,child,how_about got water ?,,,,,,water ,,water ,
43,5,0:18:35,parent,the # the water's turned off .,shake,no,,Reinforce,,water,,water,
43,5,,parent,there shouldn't be any more water .,,,,,,water,,water,
43,5,,child,no .,,,,,,,,,
43,5,,parent,no .,,,,,,,,,
43,5,,parent,"a nice summer day, huh ?",,,,,,,,,
43,5,,parent,sunny &xxx .,,,,,,,,,
43,5,,child,more water ?,,,,,,water,,water,
43,5,,parent,huh ?,,,,,,,,,
43,5,,child,some more water &xxx .,,,,,,water,,water,
43,5,,parent,let me see .,,,,,,,,,
43,5,,parent,&ah !,,,,,,,,,
43,5,,parent,you're right .,,,,,,,,,
43,5,,child,yes .,,,,,,,,,
43,5,,child,"yes, more water in &xxx .",,,,,,water,,water,
43,5,,parent,"okay, I think that's all the water .",,,,,,water,,water,
43,5,,child,no water .,,,,,,water,,water,
43,5,0:19:11,parent,no water .,shake,no,,Reinforce,,water,,water,
43,5,,child,no more water .,,,,,,water,,water,
43,5,0:19:15,parent,no .,shake,no,,Reinforce,,,,,
43,5,,child,I &xxx water wash me off .,,,,,,water,,water,
43,5,,child,can &xxx .,,,,,,,,,
43,5,,child,the +...,,,,,,,,,
43,5,,child,there is some more water .,,,,,,water,,water,
43,5,,parent,I heard that one .,,,,,,,,,
43,5,,parent,"okay, let go .",,,,,,,,,
43,5,,parent,let's see .,,,,,,,,,
43,5,,child,there is some more water now .,,,,,,water,,water,
43,5,,child,there more water .,,,,,,water,,water,
43,5,,parent,&oh .,,,,,,,,,
43,5,,parent,"are you hungry, Lincoln ?",,,,,,child,,child,
43,5,,parent,you want any water+melon ?,,,,,,watermelon,,watermelon,
43,5,,parent,bring some water+melon outside ?,,,,,,watermelon,,watermelon,
43,5,,child,can have drink ?,,,,,,,,,
43,5,,parent,huh ?,,,,,,,,,
43,5,,child,can I have drink ?,,,,,,,,,
43,5,,parent,what ?,,,,,,,,,
43,5,,parent,the hose ?,,,,,,hose,,hose,
43,5,,child,yes .,,,,,,,,,
43,5,,parent,okay .,,,,,,,,,
43,5,0:20:05,child,,,,,,"""it"" refers to hose",,,,
43,5,0:20:05,parent,I'll go turn it on a little bit .,point. Point,hose. Grass,hose. Grass,Disambiguate,"""it"" refers to hose",,hose; grass,hose; grass,
43,5,,parent,put it in the # grass there .,point~,hose,hose,Disambiguate,,grass,hose ,hose; grass,
43,5,,parent,I'm going to turn it on so don't lift it up or it'll squirt you .,,,,,,,,,
43,5,,child,the watering+can Mom .,,,,,,watering_can; mom,,watering_can; mom,
43,5,,parent,is it on ?,$,,,,,,,,
43,5,,child,&xxx water &xxx .,,,,,,water,,water,
43,5,,child,&xxx plant .,,,,,,plant,,plant,
43,5,,child,how_about on ?,,,,,,,,,
43,5,,parent,was the # was the # was the plant thirsty ?,,,,,,plant,,plant,
43,5,,child,yes .,,,,,,,,,
43,5,,parent,,point,area of garden where seeds are planted,area of garden where seeds are planted,Only Gesture,,,,,
43,5,0:21:02,parent,do you remember where we planted the seeds for the sunflowers ?,point~,area of garden where seeds are planted,area of garden where seeds are planted,Reinforce,,seed; sunflower,,seed; sunflower,
43,5,,parent,can you go water the seeds ?,,,,,,seed ,,seed ,
43,5,0:21:11,parent,"yeah, you put some there but remember over there on the fence ?",point.continuous point,location in yard. Location in yard,location in yard. Location in yard,Disambiguate,,fence,,fence,
43,5,,parent,we ## some more we planted &xxx .,,,,,,,,,
43,5,,child,yes .,,,,,,,,,
43,5,,parent,"okay, I'll show you .",,,,,,,,,
43,5,,parent,come here .,,,,,,,,,
43,5,,parent,"&oh, forgetmenots .",,,,,,forgetmenot,,forgetmenot,
43,5,0:21:21,parent,those are down there .,point,forgetmenots,forgetmenots,Disambiguate,,,forgetmenot,forgetmenot,
43,5,,parent,we'll water the forgetmenots .,,,,,,forgetmenot,,forgetmenot,
43,5,,parent,I'll show you .,,,,,,,,,
43,5,0:21:31,parent,come here .,hold,take hand,hand,Add,,,,,
43,5,,parent,come here .,hold~,take hand,hand,Add,,,,,
43,5,,parent,see ?,,,,,,,,,
43,5,,parent,that says forgetmenot .,,,,,,forgetmenot,,forgetmenot,
43,5,,parent,where we put the seeds .,,,,,,seed,,seed,
43,5,0:21:37,parent,,hold,take watering can,watering can,Only Gesture,,,,,
43,5,0:21:41,parent,right in here .,continuous point,ground where forgetmenot seeds are,ground where forgetmenot seeds are,Disambiguate,,,,,
43,5,,parent,okay .,,,,,,,,,
43,5,,parent,now they're all +...,,,,,,,,,
43,5,,parent,not thirsty any more because we gave them water .,,,,,,water,,water,
43,5,,parent,okay ?,,,,,,,,,
43,5,,parent,they're saying thank+you .,,,,,,,,,
43,5,,child,how_about they saying ?,,,,,,,,,
43,5,,parent,&xxx .,,,,,,,,,
43,5,,parent,thank+you .,,,,,,,,,
43,5,,child,they said thank+you .,,,,,,,,,
43,5,,child,how_about giant dump+truck ?,,,,,,dumptruck,,dumptruck,
43,5,,parent,it is a giant dump+truck .,,,,,,dumptruck,,dumptruck,
43,5,,child,it +...,,,,,,,,,
43,5,,child,whole body tips .,,,,,,body,,body,
43,5,,parent,"Lincoln, you want some water+melon ?",,,,,,child; watermelon,,child; watermelon,
43,5,0:22:42,parent,you want me get you some water+melon ?,,,,,,watermelon,,watermelon,
43,5,,child,,,,,,C singing working on the railroad?,,,,
43,5,,parent,,,,,,C singing working on the railroad?,,,,
43,5,0:24:45,child,can I sit in the sun ?,,,,,,sun,,sun,
43,5,0:24:45,parent,,palm,bench,bench,Only Gesture,,,bench,bench,
43,5,,parent,want to sit on the bench ?,,,,,,bench,,bench,
43,5,,child,can I sit in the sun ?,,,,,,sun,,sun,
43,5,,parent,"yes, you can sit in the sun .",,,,,,sun,,sun,
43,5,,child,yes .,,,,,,,,,
43,5,,child,it +...,,,,,,,,,
43,5,,parent,&xxx .,,,,,,,,,
43,5,0:25:21,child,share .,hold,take watermelon on fork,watermelon on fork,Add,,,,,
43,5,,parent,yeah .,,,,,,,,,
43,5,,parent,thank+you .,,,,,,,,,
43,5,,child,and one for me .,,,,,,,,,
43,5,,parent,mmhm .,,,,,,,,,
43,5,,parent,remember what water is in Spanish ?,,,,,,water,,water,
43,5,,child,leche@f .,,,,,spanish for milk,,,,
43,5,,parent,,,,,,spanish for milk,,,,
43,5,,parent,"no, leche, that's milk .",,,,,,milk,,milk,
43,5,,parent,what's water+melon ?,,,,,,watermelon,,watermelon,
43,5,,child,"&uh, sandia@f .",,,,,spanish for watermelon,,,,
43,5,,parent,,,,,,spanish for watermelon,,,,
43,5,,parent,that's right .,,,,,,,,,
43,5,,parent,we'll throw that away .,,,,,,,,,
43,5,,child,it have dirt on it .,,,,,,dirt,,dirt,
43,5,,parent,"yeah, it does have dirt on it .",,,,,,dirt,,dirt,
43,5,0:26:31,parent,that's kind+of big .,,,,,,,,,
43,5,,parent,let's break this one # cut them in half .,,,,,,,,,
43,5,0:27:49,child,can I eat nose ?,,,,,,nose,,nose,
43,5,0:27:51,parent,no .,shake,no,,Reinforce,,,,,
43,5,,parent,okay .,,,,,,,,,
43,5,,parent,that's Daddy's game .,,,,,,dad,,dad,
43,5,,parent,you going to get my nose ?,,,,,,nose,,nose,
43,5,,child,yes .,,,,,,,,,
43,5,0:28:09,parent,be gentle .,point,M's nose,M's nose,Add,,,nose,nose,
43,5,0:28:15,parent,"&oh, you got my nose .",flip,exclamation,,Reinforce,,nose,,nose,
43,5,,parent,where is it ?,,,,,,,,,
43,5,,parent,where'd it go ?,,,,,,,,,
43,5,,parent,can I have it back ?,,,,,,,,,
43,5,0:28:21,parent,is it under the pin+wheel ?,point,pinwheel,pinwheel,Reinforce,,pinwheel,pinwheel,pinwheel,
43,5,,child,no .,,,,,,,,,
43,5,,child,no .,shake,no,,Reinforce,,,,,
43,5,,parent,no ?,,,,,,,,,
43,5,,parent,is it under the water+melon ?,,,,,,watermelon,,watermelon,
43,5,,child,no .,,,,,,,,,
43,5,,parent,no ?,,,,,,,,,
43,5,,parent,is it under my coffee cup ?,,,,,,coffee; cup,,coffee; cup,
43,5,,child,no .,,,,,,,,,
43,5,,parent,where # where's my nose ?,,,,,,nose,,nose,
43,5,,child,who is that ?,,,,,,,,,
43,5,0:28:37,parent,I think that's # &uh # Jesus or Don or somebody .,point,men on other side of fence,men on other side of fence,Unclear,,,,,
43,5,0:28:43,parent,"Lincoln, where's my nose ?",flip,don't know,,Reinforce,,child; nose,,child; nose,
43,5,,parent,I need my nose so I can smell .,,,,,,nose,,nose,
43,5,,parent,can I have it back please ?,,,,,,,,,
43,5,,child,no .,,,,,,,,,
43,5,,parent,please ?,,,,,,,,,
43,5,,child,no .,,,,,,,,,
43,5,,child,I +...,,,,,,,,,
43,5,,child,here .,,,,,,,,,
43,5,0:28:57,parent,it's not under the dump+truck .,shake,no,,Reinforce,,dumptruck,,dumptruck,
43,5,0:28:59,child,no .,shake,no,,Reinforce,,,,,
43,5,,parent,no ?,shake,no,,Reinforce,,,,,
43,5,0:29:02,child,no .,shake,no,,Reinforce,,,,,
43,5,,parent,is it under the watering can ?,,,,,,watering_can,,watering_can,
43,5,,child,no .,,,,,,,,,
43,5,,parent,no .,,,,,,,,,
43,5,,child,no .,,,,,,,,,
43,5,,parent,is it in your mouth ?,,,,,,mouth,,mouth,
43,5,,child,yes .,,,,,,,,,
43,5,,parent,can I have it back ?,,,,,,,,,
43,5,,child,here .,,,,,,,,,
43,5,,parent,thank+you .,,,,,,,,,
43,5,,parent,thank+you .,,,,,,,,,
43,5,,parent,that feels much better .,,,,,,,,,
43,5,,parent,"no, you already did it once .",,,,,,,,,
43,5,,parent,"okay, come here .",,,,,,,,,
43,5,,child,going to get you .,,,,,,,,,
43,5,,parent,be gentle with my nose .,,,,,,nose,,nose,
43,5,0:29:41,parent,&oh !,flip,exclamation,,Reinforce,,,,,
43,5,0:29:42,parent,,palm,M's nose which she is pretending is missing,M's nose which she is pretending is missing,Only Gesture,,,nose,nose,
43,5,,parent,where'd my nose go ?,flip~,exclamation,,Reinforce,,nose,,nose,
43,5,0:29:44,child,can I catch it ?,,,,,,,,,
43,5,0:29:44,parent,,flip+shake,don't know+no,,Only Gesture,,,,,
43,5,0:29:45,parent,,palm,M's nose which she is pretending is missing,M's nose which she is pretending is missing,Only Gesture,,,nose,nose,
43,5,,parent,where is it ?,flip~,don&#8217;t know,,Reinforce,,,,,
43,5,,parent,it's gone .,,,,,,,,,
43,5,,child,&um .,,,,,,,,,
43,5,,child,under the pin+wheel ?,,,,,,pinwheel,,pinwheel,
43,5,0:29:55,child,no .,,,,,,,,,
43,5,0:29:55,parent,no .,flip+shake,emphasis+no,,Emphasis,,,,,
43,5,,child,under the water+melon ?,,,,,,watermelon,,watermelon,
43,5,,child,no .,,,,,,,,,
43,5,,parent,no .,,,,,,,,,
43,5,0:30:04,child,under this ?,point,dumptruck,dumptruck,Disambiguate,,,dumptruck,dumptruck,
43,5,0:30:04,child,no .,shake,no,,Reinforce,,,,,
43,5,0:30:04,parent,no .,shake,no,,Reinforce,,,,,
43,5,,parent,under the watering can ?,,,,,,watering_can,,watering_can,
43,5,,child,no .,,,,,,,,,
43,5,,parent,no .,,,,,,,,,
43,5,,parent,under my coffee cup ?,,,,,,coffee; cup,,coffee; cup,
43,5,,child,no .,,,,,,,,,
43,5,,parent,is it under this little dried up leaf ?,,,,,,leaf,,leaf,
43,5,,child,yes .,,,,,,,,,
43,5,0:30:16,parent,yes ?,,,,,,,,,
43,5,,parent,I don't see it .,,,,,,,,,
43,5,,child,no .,,,,,,,,,
43,5,,parent,no .,,,,,,,,,
43,5,,child,no .,,,,,,,,,
43,5,0:30:21,parent,is it in your mouth ?,point,C's mouth,C's mouth,Reinforce,,mouth,mouth,mouth,
43,5,,child,yes .,,,,,,,,,
43,5,,parent,can I have it back please ?,,,,,,,,,
43,5,,child,&xxx no .,shake,no,,Reinforce,,,,,
43,5,0:30:30,parent,no .,shake,no,,Reinforce,,,,,
43,5,,child,it in my mouth .,,,,,,mouth,,mouth,
43,5,,parent,"yeah, can I have it back ?",,,,,,,,,
43,5,,child,can you have it back ?,,,,,,,,,
43,5,,child,you need to sniff ?,,,,,,,,,
43,5,,parent,"yes, I need it so I can sniff .",,,,,,,,,
43,5,,parent,so I can smell .,,,,,,,,,
43,5,,parent,can you # can you give it back ?,,,,,,,,,
43,5,,parent,"&oh, thank+you .",,,,,,,,,
43,5,,parent,that's perfect .,,,,,,,,,
43,5,,child,&xxx no .,,,,,,,,,
43,5,,child,how_about to snow ?,,,,,,snow,,snow,
43,5,,parent,huh ?,$,,,,,,,,
43,5,,child,how_about it snow ?,,,,,,snow,,snow,
43,5,,parent,who's this ?,$,,,,,,,,
43,5,,child,yes .,,,,,,,,,
43,5,,parent,"&oh, I think it's Don .",$,,,,,,,,
43,5,,parent,"&oh, returning the barbeque .",,,,,,barbeque,,barbeque,
43,5,,child,,,,,,M to don,,,,
43,5,,parent,,,,,,M to don,,,,
43,5,,parent,"it's Don, Lincoln .",$,,,,,child,,child,
43,5,,parent,hi .,$,,,,,,,,
43,5,,child,,,,,,M to don,,,,
43,5,,parent,,,,,,M to don,,,,
43,5,,parent,here comes the barbeque .,$,,,,,barbeque,,barbeque,
43,5,0:31:41,child,,palm,BBQ,BBQ,Only Gesture,,,barbeque,barbeque,
43,5,0:31:41,parent,can you say good morning to Don ?,$,,,,,,,,
43,5,,child,,point,location on deck,location on deck,Only Gesture,,,,,
43,5,,child,right .,point~,location on deck,location on deck,Add,don has asked where barbeque goes,,,,
43,5,,parent,,,,,,don has asked where barbeque goes,,,,
43,5,,parent,right there .,,,,,,,,,
43,5,,child,right there .,,,,,,,,,
43,5,,parent,how's that ?,,,,,,,,,
43,5,,parent,that looks good .,,,,,,,,,
43,5,,child,hi Don .,,,,,,,,,
43,5,,child,hi Don .,,,,,,,,,
43,5,,child,can +...,,,,,,,,,
43,5,0:32:07,child,,pickup,lift C,,Only Gesture,,,,,
43,5,,child,take +...,pickup~,lift C,,Add,,,,,
43,5,,child,up in basket ?,,,,,,basket,,basket,
43,5,,parent,what's wrong ?,$,,,,,,,,
43,5,,parent,"go ahead, honey .",$,,,,,,,,
43,5,,parent,no .,$,,,,,,,,
43,5,,parent,"Lincoln, he can't do it later, okay honey ?",$,,,,,child,,child,
43,5,,parent,he can't stay real long .,$,,,,,,,,
43,5,,parent,no Lincoln .,$,,,,,child,,child,
43,5,,parent,he can't # he can't always do the basket .,$,,,,,basket,,basket,
43,5,,child,,,,,,M to don,,,,
43,5,,parent,,,,,,M to don,,,,
43,5,,parent,"come here, you want to kick one of the balls ?",,,,,,ball,,ball,
43,5,,child,can +...,,,,,,,,,
43,5,,parent,here .,,,,,,,,,
43,5,,child,can +...,,,,,,,,,
43,5,,parent,"here, wait wait .",,,,,,,,,
43,5,,parent,no .,,,,,,,,,
43,5,,parent,"I don't think # I'm not strong enough, Lincoln .",,,,,,child,,child,
43,5,,parent,to do that .,,,,,,,,,
43,5,,parent,you can juggle .,,,,,,,,,
43,5,,parent,want to kick ?,,,,,,,,,
43,5,0:33:06,parent,watch .,,,,,,,,,
43,5,,parent,are you juggling ?,,,,,,,,,
43,5,0:33:11,child,how_about Mom juggle ?,hold+hold,take ball +take ball,ball+ball,Add,,mom,,mom,
43,5,0:33:12,parent,,palm+palm,give red ball+give purple ball,red ball+purple ball,Only Gesture,,,ball,ball,
43,5,,parent,I can't juggle .,,,,,,,,,
43,5,,parent,that's Mike that can juggle .,,,,,,,,,
43,5,,child,how Mom juggle ?,,,,,,,,,
43,5,,parent,"aw, sweetie, I don't know how to juggle .",,,,,,,,,
43,5,0:33:26,parent,can you juggle ?,hold,take purple ball,purple ball,Add,,,,,
43,5,,parent,you want to catch the ball ?,,,,,,ball,,ball,
43,5,,parent,you stand right there and I'm going to throw you the purple ball .,,,,,,ball,,ball,
43,5,,parent,ready ?,,,,,,,,,
43,5,,parent,put your arms out .,demo,putting out arms,,Add,,arm,,arm,
43,5,,parent,get ready to catch it .,,,,,,,,,
43,5,0:33:32,child,,palm,give ball,ball,Only Gesture,,,ball,ball,
43,5,,child,a thank+you .,,,,,,,,,
43,5,,parent,you're+welcome .,,,,,,,,,
43,5,,parent,"here, you want a bigger one ?",,,,,,,,,
43,5,,parent,a hardhat's in there too .,,,,,,hardhat,,hardhat,
43,5,,parent,here .,,,,,,,,,
43,5,,parent,use the squishy ball .,,,,,,ball,,ball,
43,5,,child,&xxx are these ?,,,,,,,,,
43,5,,parent,those are bowling pins .,,,,,,bowling_pin,,bowling_pin,
43,5,,child,how +...,,,,,,,,,
43,5,,child,how_about stand them ?,,,,,,,,,
43,5,,child,I stand them right +...,,,,,,,,,
43,5,,parent,here .,$,,,,,,,,
43,5,,child,right here .,,,,,,,,,
43,5,,child,how_about stand them ?,,,,,,,,,
43,5,,parent,I wonder if they'll stand .,,,,,,,,,
43,5,,child,yes .,,,,,,,,,
43,5,,child,yes .,,,,,,,,,
43,5,,child,,,,,,wind is blowing,,,,
43,5,,parent,,,,,,wind is blowing,,,,
43,5,0:34:45,parent,"&oh, the wind knocked them over .",$,,,,,,,,
43,5,,child,uh+oh .,,,,,,,,,
43,5,,child,can stand right here .,,,,,,,,,
43,5,,child,I'm stand right here .,,,,,,,,,
43,5,,child,how_about &xxx .,,,,,,,,,
43,5,,parent,here .,$,,,,,,,,
43,5,,child,stand them .,,,,,,,,,
43,5,,child,stand them .,,,,,,,,,
43,5,,parent,a little tricky .,,,,,,,,,
43,5,,child,"hey, stand the yellow one .",,,,,,,,,
43,5,,parent,"okay, and get +...",palm,give yellow pin,yellow pin,Add,,,bowling_pin,bowling_pin,
43,5,0:35:11,parent,there's another blue one behind you .,point,blue bowling pin,blue bowling pin,Reinforce,,,bowling_pin,bowling_pin,
43,5,0:35:13,parent,,palm,give bowling pin,bowling pin,Only Gesture,,,bowling_pin,bowling_pin,
43,5,0:35:19,child,there it is .,hold,take bowling pin,bowling pin,Add,,,,,
43,5,0:35:19,parent,,palm,give bowling pin,bowling pin,Only Gesture,,,bowling_pin,bowling_pin,
43,5,,parent,"okay, then you +...",,,,,,,,,
43,5,,parent,soon as I get the blue one you # stand it up you roll the ball and try to knock them over .,,,,,,ball,,ball,
43,5,,parent,"there, you did it .",,,,,,,,,
43,5,,parent,"good job, Lincoln .",,,,,,child,,child,
43,5,,child,yay bowling .,,,,,,,,,
43,5,,parent,bowling .,,,,,,,,,
43,5,,child,can I knock them down ?,,,,,M and C at once,,,,
43,5,,parent,"yeah, let me +...",,,,,M and C at once,,,,
43,5,,child,knock .,,,,,,,,,
43,5,,parent,wait a second .,,,,,,,,,
43,5,,parent,let me get them all standing again .,,,,,,,,,
43,5,,parent,okay .,,,,,,,,,
43,5,,parent,go ahead .,,,,,,,,,
43,5,,parent,roll it .,,,,,,,,,
43,5,,parent,you can just roll it from right there .,,,,,,,,,
43,5,0:35:46,parent,go like this and roll it .,iconic,rolling,,Reinforce,,,,,
43,5,0:35:48,child,can I knock it down ?,,,,,,,,,
43,5,0:35:48,parent,,point,bowling pin,bowling pin,Only Gesture,,,bowling_pin,bowling_pin,
43,5,,parent,yeah .,point,bowling pin,bowling pin,Add,,,bowling_pin,bowling_pin,
43,5,,parent,roll it toward the pin .,iconic,toward pin,,Reinforce,,bowling_pin,,bowling_pin,
43,5,,parent,very good .,,,,,,,,,
43,5,,parent,there they go .,,,,,,,,,
43,5,,parent,okay .,,,,,,,,,
43,5,,child,yay bowling .,,,,,,,,,
43,5,,parent,bowling .,,,,,,,,,
43,5,,parent,you like bowling ?,,,,,,,,,
43,5,,child,yes .,,,,,,,,,
43,5,,parent,we could go to a bowling alley .,,,,,,bowling_alley,,bowling_alley,
43,5,,child,yay bowling .,,,,,,,,,
43,5,,parent,yay .,,,,,,,,,
43,5,,parent,bowling .,,,,,,,,,
43,5,,child,yay bowling .,,,,,,,,,
43,5,0:36:16,parent,look Lincoln .,point,iris bud,iris bud,Add,,child,flower_bud,child; flower_bud,
43,5,,parent,that's a bud .,hold,iris bud,iris bud,Reinforce,,flower_bud,flower_bud,flower_bud,
43,5,,parent,it's going to be an iris plant .,hold~,iris bud,iris bud,Reinforce,,iris,iris,iris,
43,5,,parent,Iris flower .,,,,,,iris,,iris,
43,5,,parent,what did you put that one over there for ?,,,,,,,,,
43,5,,child,knock down yellow .,,,,,,,,,
43,5,,parent,okay .,,,,,,,,,
43,5,,parent,the ball .,,,,,,ball,,ball,
43,5,,parent,stand up .,,,,,,,,,
43,5,0:36:35,parent,,point,location,location,Only Gesture,,,,,
43,5,,parent,stand back there .,,,,,,,,,
43,5,0:36:36,parent,stand up .,hold,take ball,ball,Add,,,,,
43,5,,child,&xxx had a blue one .,point,location where pin should be,location where pin should be,Unclear,,,,,
43,5,0:36:38,parent,over there .,point,blue pin,blue pin,Disambiguate,,,bowling_pin,bowling_pin,
43,5,,parent,you want to get it for me ?,,,,,,,,,
43,5,,parent,&oh &oh .,,,,,,,,,
43,5,,parent,uhoh .,,,,,,,,,
43,5,,parent,"uhoh, the wind's blowing .",,,,,,,,,
43,5,,parent,we'll wait until there's no wind .,,,,,,,,,
43,5,,parent,I guess the wind wanted to bowl too .,,,,,,,,,
43,5,0:37:01,child,how_about that blue one ?,,,,,,,,,
43,5,0:37:01,parent,the +...,point,blue pin,blue pin,Add,,,bowling_pin,bowling_pin,
43,5,,parent,hand it to me .,,,,,,,,,
43,5,0:37:05,child,okay .,,,,,,,,,
43,5,0:37:05,parent,,palm,give blue pin,blue pin,Only Gesture,,,bowling_pin,bowling_pin,
43,5,,child,,hold,take blue pin,blue pin,Only Gesture,,,,,
43,5,0:37:07,child,here you go .,hold~,take blue pin,blue pin,Add,,,,,
43,5,,parent,thank+you .,,,,,,,,,
43,5,,child,thank+you .,,,,,,,,,
43,5,,parent,good job .,,,,,,,,,
43,5,,parent,you did it .,,,,,,,,,
43,5,,child,one .,,,,,,,,,
43,5,,child,can +...,,,,,,,,,
43,5,,child,separate .,,,,,,,,,
43,5,,parent,where's the other one ?,,,,,,,,,
43,5,,child,&xxx Mom .,,,,,,mom,,mom,
43,5,0:37:35,parent,I need the other blue one .,flip,exclamation,,Reinforce,,,,,
43,5,0:37:38,child,here it is .,,,,,,,,,
43,5,0:37:38,parent,,palm,give blue pin,blue pin,Only Gesture,,,bowling_pin,bowling_pin,
43,5,,child,wait for the wind .,,,,,,,,,
43,5,,parent,huh ?,,,,,,,,,
43,5,,parent,you're waiting for the wind ?,,,,,,,,,
43,5,,parent,"no, you should do it now because there's no wind .",,,,,,,,,
43,5,,parent,"if the wind blows, it'll knock them down .",,,,,,,,,
43,5,,parent,don't you want to knock them down ?,,,,,,,,,
43,5,,parent,good .,,,,,,,,,
43,5,,parent,hear the birdies .,,,,,,bird,,bird,
43,5,,child,ball pop .,,,,,,ball,,ball,
43,5,,parent,what are you doing ?,,,,,,,,,
43,5,,child,pop .,,,,,,,,,
43,5,,child,"&oh, I popped it .",,,,,,,,,
43,5,,parent,you popped it ?,,,,,,,,,
43,5,,parent,"uhoh, the wind blew them over .",,,,,,,,,
43,5,,child,&xxx horse .,,,,,C pretending the ball is a horse?,horse,,horse,
43,5,,parent,,,,,,C pretending the ball is a horse?,,,,
43,5,,child,pop .,,,,,,,,,
43,5,,child,pop .,,,,,,,,,
43,5,,parent,why don't you kick it ?,,,,,,,,,
43,5,,parent,here .,,,,,,,,,
43,5,,parent,stand back there .,,,,,,,,,
43,5,,parent,kick the ball .,,,,,,ball,,ball,
43,5,,parent,want to kick it ?,,,,,,,,,
43,5,0:39:16,parent,,hold,take ball,ball,Only Gesture,,,,,
43,5,,parent,want to catch it ?,,,,,,,,,
43,5,0:39:18,parent,do you want to throw it to me ?,palm,give ball,ball,Reinforce,,,ball,ball,
43,5,,child,&xxx smoosh .,,,,,,,,,
43,5,,parent,smush .,,,,,,,,,
43,5,0:39:31,parent,,palm,give ball,ball,Only Gesture,,,ball,ball,
43,5,,parent,&oh .,palm~,give ball,ball,Add,,,ball,ball,
43,5,,child,Lilia .,,,,,,,,,
43,5,0:39:49,child,,,,,,unclear when gesture began,,,,
43,5,0:39:49,parent,can you throw it to me ?,palm,give ball,ball,Reinforce,unclear when gesture began,,ball,ball,
43,5,,parent,"good throw, Lincoln .",,,,,,child,,child ,
43,5,,parent,"okay, stand right there .",,,,,,,,,
43,5,,parent,now wait .,,,,,,,,,
43,5,,parent,I'm going to throw it to you .,,,,,,,,,
43,5,,parent,put your arms out and you can catch it .,,,,,,arm,,arm,
43,5,0:39:58,parent,put your arms like this .,demo,put arms out,,Add,,arm,,arm,
43,5,,parent,make a basket .,,,,,,basket,,basket,
43,5,,parent,okay .,,,,,,,,,
43,5,0:40:05,parent,,palm,give ball,ball,Only Gesture,,,ball,ball,
43,5,,parent,stand right there .,,,,,,,,,
43,5,,parent,ready ?,,,,,,,,,
43,5,,parent,throw it over your head ?,,,,,,head,,head,
43,5,,parent,ready ?,,,,,,,,,
43,5,,parent,over your head .,,,,,,head,,head,
43,5,,child,I want &xxx .,,,,,,,,,
43,5,,child,whoa .,,,,,,,,,
43,5,,parent,over your head .,,,,,,head,,head,
43,5,,parent,can you kick it ?,,,,,,,,,
43,5,,parent,can you kick it to me ?,,,,,,,,,
43,5,0:40:58,child,I hurt me .,hold,C's L hand,C's L hand,Disambiguate,,,hand,hand,
43,5,0:41:00,parent,what did you do ?,palm,give C's hand,C's hand,Add,,,hand,hand,
43,5,,child,yes .,,,,,,,,,
43,5,,child,I hurt me .,,,,,,,,,
43,5,,parent,that better ?,,,,,,,,,
43,5,,child,yes .,,,,,,,,,
43,5,,child,play ball .,,,,,,ball,,ball,
43,5,,parent,over your head .,,,,,,head,,head,
43,5,0:41:14,child,ow .,hold+hold,L hand+R hand,L hand+R hand,Add,,,hand,hand,
43,5,,parent,what did you do ?,,,,,,,,,
43,5,0:41:15,child,two booboos .,hold~+hold~,scar on L scar on hand+R hand,scar on L scar on hand+R hand,Reinforce,,scar,scar,scar,
43,5,0:41:15,parent,,palm,give C's hands,C's hands,Only Gesture,,,hand,hand,
43,5,,parent,two booboos ?,,,,,,scar,,scar,
43,5,0:41:17,parent,,palm,give C's hand,C's hand,Only Gesture,,,hand,hand,
43,5,,parent,come here .,,,,,,,,,
43,5,,parent,"&oh, I think you scratched it with your nails .",,,,,,nail,,nail,
43,5,,parent,there .,,,,,,,,,
43,5,,child,can I throw it ?,,,,,,,,,
43,5,0:41:28,parent,yes .,palm,give ball,ball,Add,,,ball,ball,
43,5,0:41:34,parent,throw it to me .,palm,give ball,ball,Reinforce,,,ball,ball,
43,5,,parent,okay .,,,,,,,,,
43,5,,parent,ready ?,,,,,,,,,
43,5,,parent,want me throw it to you or you want me to throw it +...,,,,,,,,,
43,5,,parent,want me throw it over ?,,,,,,,,,
43,5,,parent,over you or to you ?,,,,,,,,,
43,5,0:41:44,child,from me .,palm,give ball,ball,Add,,,ball,ball,
43,5,,parent,okay .,,,,,,,,,
43,5,,parent,"&oh, you almost caught it .",,,,,,,,,
43,5,,child,can +...,,,,,,,,,
43,5,,child,uh+oh .,,,,,,,,,
43,5,,child,how_about going to get into ?,,,,,,,,,
43,5,,parent,hmm ?,,,,,,,,,
43,5,,child,how_about going to roll into ?,,,,,,,,,
43,5,,parent,roll into the grass ?,,,,,,grass,,grass,
43,5,,child,&oh .,,,,,,,,,
43,5,,child,one .,,,,,,,,,
43,5,,child,one two three .,,,,,,,,,
43,5,,parent,one two three .,,,,,,,,,
43,5,,child,how_about it go fall into .,,,,,,,,,
43,5,,child,how_about fall into ?,,,,,,,,,
43,5,0:42:44,parent,what did it fall into ?,,,,,,,,,
43,5,,child,yes .,,,,,,,,,
43,5,,parent,what ?,,,,,,,,,
43,5,,parent,the grass ?,,,,,,grass,,grass,
43,5,,child,,,,,,C has knocked the slide over,,,,
43,5,,parent,careful .,,,,,C has knocked the slide over,,,,
43,5,,child,I fall over .,,,,,,,,,
43,5,,parent,I know .,,,,,,,,,
43,5,,parent,can you lift it back up ?,,,,,,,,,
43,5,,child,who going to help me .,,,,,,,,,
43,5,,parent,you can do it .,,,,,,,,,
43,5,,parent,let's see .,,,,,,,,,
43,5,0:43:15,child,who going to help me ?,flip,don't know,,Reinforce,,,,,
43,5,,parent,you need help ?,,,,,,,,,
43,5,,child,who +...,,,,,,,,,
43,5,,child,"help me, Mom .",,,,,,mom,,mom,
43,5,,parent,you get to do it .,,,,,,,,,
43,5,,parent,I've seen you lift that before .,,,,,,,,,
43,5,,child,I &xxx sand .,,,,,,sand,,sand,
43,5,,child,how_about &xxx sand .,,,,,,sand,,sand,
43,5,,parent,you got it ?,$,,,,,,,,
43,5,,parent,want help ?,$,,,,,,,,
43,5,,child,how_about &xxx sand .,,,,,,sand,,sand,
43,5,,child,&oh &xxx .,,,,,,,,,
43,5,,parent,where do you want it ?,,,,,,,,,
43,5,,parent,right here ?,,,,,,,,,
43,5,,child,right +...,,,,,,,,,
43,5,,child,right here .,palm,location,location,Disambiguate,,,,,
43,5,,parent,is he # is he going to +...,,,,,,,,,
43,5,,parent,right here ?,,,,,,,,,
43,5,,child,in the grass .,,,,,,grass,,grass,
43,5,,child,the grass .,,,,,,grass,,grass,
43,5,,parent,is he going to help you lift it up ?,,,,,,,,,
43,5,,child,yes .,,,,,,,,,
43,5,,child,yes .,,,,,,,,,
43,5,,child,going to help lift it .,,,,,,,,,
43,5,,child,okay .,,,,,,,,,
43,5,,child,"&oh, let's lift that &xxx .",,,,,,,,,
43,5,,child,I doing it and I'm +...,,,,,,,,,
43,5,,child,"I'm doing it, Mom .",,,,,,mom,,mom,
43,5,,parent,you are .,$,,,,,,,,
43,5,,parent,good job .,$,,,,,,,,
43,5,,parent,with a little help from the Excavator ?,$,,,,,excavator,,excavator,
43,5,,parent,yay !,$,,,,,,,,
43,5,,child,I did it .,,,,,,,,,
43,5,,child,I did it .,,,,,,,,,
43,5,,child,yay .,,,,,,,,,
43,5,,child,now I should put +...,,,,,,,,,
43,5,,child,how_about Mom sit down ?,iconic,downward,,Reinforce,,mom,,mom,
43,5,0:44:46,child,how_about Mom sit down ?,iconic,downward,,Reinforce,,mom,,mom,
43,5,,parent,can you say sit down please ?,$,,,,,,,,
43,5,0:44:51,child,sit down please Mom .,iconic,downward,,Reinforce,,mom,,mom,
43,5,,parent,"okay, Lincoln .",$,,,,,child,,child,
43,5,0:44:58,child,how Mom sit down here ?,point,down at end of slide,down at end of slide,Disambiguate,,mom,,mom,
43,5,0:45:04,child,how_about Mom sit down close to me ?,point,down at end of slide,down at end of slide,Disambiguate,,mom,,mom,
43,5,,child,sit down close .,,,,,,,,,
43,5,,parent,"&oh, I know what you want .",,,,,,,,,
43,5,,child,sit down close .,,,,,,,,,
43,5,,parent,wet over here .,,,,,,,,,
43,5,,parent,come here .,,,,,,,,,
43,5,,child,put your hand up .,,,,,,hand,,hand,
43,5,,parent,"&oh, okay .",,,,,,,,,
43,5,0:45:14,parent,come here .,iconic,pinching/tickling,,Add,,,,,
43,5,,parent,Lincoln .,iconic~,pinching/tickling,,Add,,child,,child,
43,5,,parent,I got you .,,,,,,,,,
43,5,,parent,"okay, go ahead .",,,,,,,,,
43,5,0:45:25,parent,,iconic,pinching,,Only Gesture,,,,,
43,5,0:45:26,parent,you going to climb back up ?,point,up at top of slide,up at top of slide,Disambiguate,,,,,
43,5,,parent,climb back up again .,,,,,,,,,
43,5,0:45:27,parent,,iconic,pinching,,Only Gesture,,,,,
43,5,0:45:32,parent,come on .,iconic,pinching,,Add,,,,,
43,5,,child,&uh .,,,,,,,,,
43,5,,child,a there crabs .,,,,,,crab,,crab,
43,5,,parent,crab .,,,,,,crab,,crab,
43,5,,parent,"okay, come on .",,,,,,,,,
43,5,0:45:48,parent,,come,come here,,Only Gesture,,,,,
43,5,,child,there crabs .,,,,,,crab,,crab,
43,5,,parent,"no, there aren't any crabs .",,,,,,crab,,crab,
43,5,,parent,"okay, come on .",,,,,,,,,
43,5,,child,can +...,,,,,,,,,
43,5,,parent,you going to slide down ?,,,,,,,,,
43,5,0:45:58,child,can +...,,,,,,,,,
43,5,0:45:58,parent,just me .,iconic,pinching,,Add,,,,,
43,5,,child,a there crabs .,,,,,,crab,,crab,
43,5,0:46:04,parent,no .,,,,,,,,,
43,5,,parent,they're Mommy's little # Mommy # Mommy pinchers .,iconic,pinching,,Add,,mom,,mom,
43,5,,parent,come on .,iconic,pinching,,Add,,,,,
43,5,,parent,I'm going to get you .,,,,,,,,,
43,5,0:46:12,parent,come on .,iconic,pinching,,Add,,,,,
43,5,,child,Mom .,,,,,,mom,,mom,
43,5,0:46:13,parent,I'm going to get you .,iconic,pinching,,Add,,,,,
43,5,,parent,are you warm ?,come,come here,,Add,,,,,
43,5,0:46:27,parent,you want me take your sweater off ?,come~,come here,,Add,,sweater,,sweater,
43,5,,parent,come here .,come~,come here,,Reinforce,,,,,
43,5,,parent,come here .,come~,come here,,Reinforce,,,,,
43,5,,child,&xxx my crab .,,,,,,crab,,crab,
43,5,,parent,okay .,,,,,,,,,
43,5,,parent,let me see .,,,,,,,,,
43,5,,child,open my crab .,,,,,,crab,,crab,
43,5,,parent,can you get that part off ?,,,,,,,,,
43,5,,parent,can you do it ?,,,,,,,,,
43,5,,parent,pull .,,,,,,,,,
43,5,,parent,there .,,,,,,,,,
43,5,,child,here I come .,,,,,,,,,
43,5,0:47:05,parent,,palm,bottom of slide,bottom of slide,Only Gesture,,,,,
43,5,,parent,here you come .,,,,,,,,,
43,5,,parent,it's like a drum .,,,,,,drum,,drum,
43,5,,child,wow .,,,,,,,,,
43,5,0:47:14,parent,,come,come here,,Only Gesture,,,,,
43,5,0:47:15,parent,,iconic,pinching,,Only Gesture,,,,,
43,5,,parent,you # you're # you're stuck .,,,,,,,,,
43,5,,child,I stuck in .,,,,,,,,,
43,5,,parent,you can't get away .,,,,,,,,,
43,5,,child,I stuck in .,,,,,,,,,
43,5,,child,I stuck in .,,,,,,,,,
43,5,,child,I stuck in .,,,,,,,,,
43,5,,child,I stuck in .,,,,,,,,,
43,5,,parent,you're stuck in the mud ?,,,,,,mud,,mud,
43,5,,child,I not stuck in mud .,,,,,,mud,,mud,
43,5,,parent,I think you are .,,,,,,,,,
43,5,,child,how_about stuck in ?,,,,,,,,,
43,5,,child,I not stuck in mud .,,,,,M and C at same time,mud,,mud,
43,5,,parent,I'm going to tickle you .,,,,,M and C at same time,,,,
43,5,,parent,you going to get on the slide again ?,,,,,,slide,,slide,
43,5,,child,not stuck in mud .,,,,,,mud,,mud,
43,5,,parent,no ?,,,,,,,,,
43,5,,parent,what are you stuck in ?,,,,,,,,,
43,5,,child,I stuck in .,,,,,,,,,
43,5,,child,"&oh, how_about stuck in ?",,,,,,,,,
43,5,,child,&xxx cement .,,,,,,cement,,cement,
43,5,,parent,cement ?,,,,,,cement,,cement,
43,5,,child,who put me in here ?,,,,,,,,,
43,5,0:48:12,parent,maybe the Excavator did .,point,excavator truck,excavator truck,Reinforce,,excavator,excavator,excavator,
43,5,,child,"no, not Excavator .",,,,,,excavator,,excavator,
43,5,,parent,maybe you did .,,,,,,,,,
43,5,,parent,"Lincoln, be careful .",,,,,,child,,child,
43,5,0:48:48,parent,,come,come here,,Only Gesture,,,,,
43,5,,child,a get crabs .,,,,,,crab,,crab,
43,5,0:48:48,parent,,iconic,pinching,,Only Gesture,,,,,
43,5,,child,a crabs .,,,,,,crab,,crab,
43,5,,parent,you want to do a wheel+barrow ?,,,,,,wheelbarrow,,wheelbarrow,
43,5,0:49:02,child,"no, wheel+barrow down .",,,,,,wheelbarrow,,wheelbarrow,
43,5,0:49:02,parent,,come,come here,,Only Gesture,,,,,
43,5,,parent,come on .,come~,come here,,Reinforce,,,,,
43,5,,parent,come on .,,,,,,,,,
43,5,,child,ow .,,,,,,,,,
43,5,0:49:26,parent,you're not .,shake,no,,Reinforce,,,,,
43,5,,child,a stop barfing .,,,,,,,,,
43,5,,child,stop barfing .,,,,,,,,,
43,5,,child,no .,,,,,,,,,
43,5,0:49:34,parent,"hey, don't say no .",shake,no,,Reinforce,,,,,
43,5,,parent,it's not nice .,,,,,,,,,
43,5,0:49:34,child,stop barfing .,iconic,vomiting/ barfing,,Reinforce,,,,,
43,5,,parent,come on .,,,,,,,,,
43,5,,child,no .,,,,,,,,,
43,5,,child,ow .,,,,,,,,,
43,5,,child,ow .,,,,,M and C at same time,,,,
43,5,,parent,come on .,,,,,M and C at same time,,,,
43,5,,parent,tummy time .,,,,,,tummy,,tummy,
43,5,,child,I no .,,,,,,,,,
43,5,,child,no .,,,,,,,,,
43,5,,child,no .,,,,,,,,,
43,5,,child,no .,,,,,,,,,
43,5,,child,no .,,,,,,,,,
43,5,,child,what she trip me ?,,,,,,,,,
43,5,,parent,huh ?,,,,,,,,,
43,5,,child,&oh .,,,,,,,,,
43,5,,parent,you getting tired ?,,,,,,,,,
43,5,,child,I'm sleeping on slide .,,,,,,,,,
43,5,,parent,is it comfortable ?,,,,,,,,,
43,5,0:50:35,child,I'm sleeping on the grass .,,,,,,grass,,grass,
43,5,0:50:35,parent,"okay, you can take a nap right there .",,,,,,,,,
43,5,0:50:42,child,,,,,,gesture not in video; remembered from visit,,,,
43,5,0:50:42,parent,you can use that # use that little ball as a pillow .,point,ball,ball,Reinforce,gesture not in video; remembered from visit,ball; pillow,ball,ball; pillow,
43,5,,parent,it's comfy .,$,,,,,,,,
43,5,,parent,it's squishy .,$,,,,,,,,
43,5,,child,can tummy on here ?,,,,,,tummy,,tummy,
43,5,,parent,"no, the cement's hard .",$,,,,,cement,,cement,
43,5,,parent,lay on the grass .,$,,,,,grass,,grass,
43,5,,parent,it's soft .,$,,,,,,,,
43,5,,child,wake .,,,,,,,,,
43,5,,parent,are you awake now ?,$,,,,,,,,
43,5,,child,how &xxx on the slide .,,,,,,,,,
43,5,,child,&xxx I fell down slide .,,,,,,,,,
43,5,,child,how my turn falling down slide .,,,,,,,,,
43,5,,child,hey Mom .,,,,,,mom,,mom,
43,5,,child,how +...,,,,,,,,,
43,5,,child,my turn .,,,,,,,,,
43,5,,child,close to me .,,,,,,,,,
43,5,,child,close .,,,,,,,,,
43,5,,child,close .,,,,,,,,,
43,5,,child,can +...,,,,,,,,,
43,5,0:52:02,child,can &xxx .,point,bottom of slide,bottom of slide,Unclear,,,,,
43,5,,parent,"yeah, I can .",$,,,,,,,,
43,5,,parent,do you want another bite ?,$,,,,,,,,
43,5,,parent,want another bite ?,,,,,,,,,
43,5,,parent,okay .,,,,,,,,,
43,5,,child,how my turn .,,,,,,,,,
43,5,,child,here I come .,,,,,,,,,
43,5,,parent,here you come .,,,,,,,,,
43,5,,child,whee .,,,,,,,,,
43,5,0:52:29,parent,one two three .,come,come here,,Add,,,,,
43,5,,parent,want to do a somersault ?,,,,,,,,,
43,5,,child,no .,,,,,,,,,
43,5,,child,no .,,,,,M and C at same time,,,,
43,5,,parent,ready ?,,,,,M and C at same time,,,,
43,5,,child,going to knock you down .,,,,,,,,,
43,5,,parent,what ?,,,,,,,,,
43,5,,child,going to knock you down .,,,,,,,,,
43,5,,parent,"okay, wait a minute .",,,,,,,,,
43,5,,parent,okay .,,,,,,,,,
43,5,0:52:59,parent,,come,come here,,Only Gesture,,,,,
43,5,,parent,you do a somersault ?,,,,,,,,,
43,5,,parent,here .,,,,,,,,,
43,5,,parent,watch .,,,,,,,,,
43,5,,parent,let's do a somersault .,,,,,,,,,
43,5,,parent,"okay, stand up .",,,,,,,,,
43,5,,parent,bend down .,,,,,,,,,
43,5,,child,"Mom, no .",,,,,,mom,,mom,
43,5,,parent,you want to do a somersault ?,,,,,,,,,
43,5,,child,no .,,,,,,,,,
43,5,0:53:11,parent,,come,come here,,Only Gesture,,,,,
43,5,,parent,come here .,,,,,,,,,
43,5,,parent,want to do one that way ?,,,,,,,,,
43,5,,parent,ready ?,,,,,,,,,
43,5,,parent,come here .,,,,,,,,,
43,5,,child,no .,,,,,,,,,
43,5,,parent,look Lincoln .,,,,,,child,,child,
43,5,,parent,there's clovers right here .,,,,,,clover,,clover,
43,5,0:53:47,parent,,hold,take clover,clover,Only Gesture,,,,,
43,5,,parent,it's a clover .,,,,,,clover,,clover,
43,5,,parent,it's a threeleafclover .,,,,,,leaf; clover,,leaf; clover,
43,5,,parent,and if you find a fourleaf one it's very lucky .,,,,,,leaf ,,leaf ,
43,5,,child,here +...,,,,,,,,,
43,5,,child,here is one .,,,,,,,,,
43,5,,parent,"no, that's a three+leaf .",,,,,,leaf,,leaf,
43,5,,parent,see ?,,,,,,,,,
43,5,0:54:00,parent,one two three .,point.point.point,first clover leaf.second clover leaf.third clover leaf,first clover leaf.second clover leaf.third clover leaf,Reinforce,,,,,
43,5,0:54:01,parent,,hold,take clover,clover,Only Gesture,,,,,
43,5,,parent,"hey, don't yank it away .",,,,,,,,,
43,5,,parent,it's not nice .,,,,,,,,,
43,5,,child,here one Mom .,,,,,,mom,,mom,
43,5,,parent,yep .,,,,,,,,,
43,5,,parent,that's a threeleafclover .,,,,,,leaf; clover,,leaf; clover,
43,5,,child,big one .,,,,,,,,,
43,5,,parent,that's a very big one .,,,,,,,,,
43,5,,child,can I have the big one ?,,,,,,,,,
43,5,,parent,yeah ?,,,,,,,,,
43,5,,parent,"here, watch .",,,,,,,,,
43,5,,parent,I'll show you a big one &xxx .,,,,,,,,,
43,5,,child,big one .,,,,,,,,,
43,5,,child,can you show me a big one ?,,,,,,,,,
43,5,,parent,here watch .,,,,,,,,,
43,5,,parent,look .,,,,,,,,,
43,5,,parent,maybe we can compare .,,,,,,,,,
43,5,0:54:30,parent,,hold+hold,bigger clover+smaller clover,bigger clover+smaller clover,Only Gesture,,,clover,clover,
43,5,,parent,hey .,,,,,,,,,
43,5,0:54:36,parent,"Lincoln, get it for me please .",point,clover,clover,Disambiguate,,child,clover,child; clover,
43,5,,child,where you want ?,,,,,,,,,
43,5,,child,hmm .,,,,,,,,,
43,5,,child,how_about the big one ?,,,,,,,,,
43,5,0:54:44,parent,right behind you .,point,clover behind C,clover behind C,Disambiguate,,,clover,clover,
43,5,,child,how_about the big one ?,,,,,,,,,
43,5,0:54:51,parent,right there .,point,clover,clover,Disambiguate,,,clover,clover,
43,5,,parent,see the stem ?,,,,,,stem,,stem,
43,5,0:54:55,parent,,palm,give clover,clover,Only Gesture,,,clover,clover,
43,5,,parent,thank+you .,,,,,,,,,
43,5,0:54:57,parent,,hold,clover,clover,Only Gesture,,,clover,clover,
43,5,,child,&xxx hold this .,,,,,,,,,
43,5,,parent,there's the big one .,,,,,,,,,
43,5,,parent,here's the tiny one .,,,,,,,,,
43,5,0:55:14,parent,"&oh, not we're not going to be able to find it because it's too tiny .",flip,all gone,,Add,,,,,
43,5,,child,can't find the tiny one ?,,,,,,,,,
43,5,,child,can't find the tiny one ?,,,,,,,,,
43,5,,parent,I don't know where it is .,,,,,,,,,
43,5,,parent,it's too tiny .,,,,,,,,,
43,5,,child,disappear .,iconic,(holding) clover,,Add,,,,,
43,5,,parent,it disappeared .,,,,,,,,,
43,5,,child,yes it did disappear .,,,,,,,,,
43,5,0:55:40,child,I cannot find it .,shake,no,,Reinforce,,,,,
43,5,,parent,"no, I can't either .",,,,,,,,,
43,5,,child,I'm not going to find the big one .,,,,,,,,,
43,5,,child,why you do .,,,,,,,,,
43,5,,child,ow .,,,,,,,,,
43,5,0:56:15,parent,"hey, don't scream .",shake,no,,Reinforce,,,,,
43,5,0:56:17,parent,it hurts my ears .,palm,M's R ear,M's R ear,Reinforce,,ear,ear,ear,
43,5,,parent,don't scream .,,,,,,,,,
43,5,0:56:21,parent,"Lincoln, don't scream .",shake,no,,Reinforce,,child,,child,
43,5,0:56:24,parent,it hurts Mommy's ears .,palm,M's R ear,M's R ear,Reinforce,,ear;  mom,ear; mom,ear; mom,
43,5,,child,ice+cream .,,,,,C hears ice cream truck?,ice_cream,,ice_cream,
43,5,,parent,,,,,,C hears ice cream truck?,,,,
43,5,,parent,no .,,,,,,,,,
43,5,,child,ice+cream .,,,,,,ice_cream,,ice_cream,
43,5,,child,ice+cream .,,,,,,ice_cream,,ice_cream,
43,5,,child,ice+cream .,,,,,,ice_cream,,ice_cream,
43,5,,parent,it's far away .,,,,,,,,,
43,5,,parent,you have your water+melon .,,,,,,watermelon,,watermelon,
43,5,,parent,come on .,,,,,,,,,
43,5,,parent,let's go eat your water+melon .,,,,,,watermelon,,watermelon,
43,5,,parent,we have your orange juice inside .,,,,,,orange_juice,,orange_juice,
43,5,,parent,you want orange juice ?,,,,,,orange_juice,,orange_juice,
43,5,,parent,bless+you .,,,,,,,,,
43,5,,parent,here .,,,,,,,,,
43,5,0:56:48,parent,you want another piece of water+melon ?,hold,watermelon on fork,watermelon on fork,Reinforce,,watermelon,watermelon,watermelon,
43,5,,child,a can Mom lift me up ?,,,,,,mom,,mom,
43,5,,parent,I'll try but only for +...,,,,,,,,,
43,5,,parent,I can't lift you as high as Daddy can .,,,,,,dad,,dad,
43,5,,parent,or Don .,,,,,,,,,
43,5,,parent,okay ?,,,,,,,,,
43,5,,parent,here .,,,,,,,,,
43,5,,parent,you're pretty big and heavy .,,,,,,,,,
43,5,,parent,sit down .,,,,,,,,,
43,5,,parent,sit down this way .,,,,,,,,,
43,5,,parent,ready ?,,,,,,,,,
43,5,,child,yes .,,,,,,,,,
43,5,,parent,whee !,,,,,,,,,
43,5,,parent,whoa .,,,,,,,,,
43,5,,child,can +...,,,,,M and C at once,,,,
43,5,,parent,whoo .,,,,,M and C at once,,,,
43,5,0:57:25,parent,"that made me dizzy, Lincoln .",,,,,,child,,child,
43,5,,child,can Lilia me round ?,,,,,,,,,
43,5,,parent,huh ?,,,,,,,,,
43,5,,child,can Lilia pick me ?,,,,,,,,,
43,5,0:57:40,parent,"no, she's doing the video camera .",point,camera,camera,Reinforce,,camera,camera,camera,
43,5,,child,how_about Lilia &xxx me ?,,,,,,,,,
43,5,,parent,"&oh, honey, she's busy videotaping you .",,,,,,,,,
43,5,,parent,"when Daddy gets home+ he can lift you up really high and spin you around very fast, okay ?",,,,,,dad,,dad,
43,5,,parent,when Daddy gets home+ you can ask him .,,,,,,dad,,dad,
43,5,,parent,you want to put all the balls in here ?,,,,,,ball,,ball,
43,5,,parent,watch .,,,,,,,,,
43,5,,child,no .,,,,,,,,,
43,5,,parent,watch .,$,,,,,,,,
43,5,,parent,from far away ?,$,,,,,,,,
43,5,,parent,watch this Lincoln .,$,,,,,child,,child,
43,5,,parent,watch .,$,,,,,,,,
43,5,,parent,ready ?,$,,,,,,,,
43,5,0:58:06,child,,palm,give ball,ball,Only Gesture,,,ball,ball,
43,5,,parent,one .,$,,,,,,,,
43,5,,parent,can you do it ?,$,,,,,,,,
43,5,,parent,one .,$,,,,,,,,
43,5,,parent,here .,,,,,,,,,
43,5,0:58:12,parent,,hold,take purple ball,purple ball,Only Gesture,,,,,
43,5,,parent,two .,,,,,,,,,
43,5,0:58:15,parent,,hold,take yellow ball,yellow ball,Only Gesture,,,,,
43,5,,parent,three .,,,,,,,,,
43,5,0:58:18,parent,,hold,yellow ball,yellow ball,Only Gesture,,,ball,ball,
43,5,,parent,four .,,,,,,,,,
43,5,0:58:21,parent,what's after four ?,hold,take pink ball,pink ball,Add,,,,,
43,5,,child,fourteen .,,,,,,,,,
43,5,,parent,four .,,,,,,,,,
43,5,,parent,one two three four +...,,,,,,,,,
43,5,,child,fourteen .,,,,,,,,,
43,5,,parent,uhoh .,,,,,,,,,
43,5,,child,I sit down on it .,,,,,,,,,
43,5,0:58:30,parent,that's okay .,hold,take red ball,red ball,Add,,,,,
43,5,,parent,five .,hold~,take red ball,red ball,Add,,,,,
43,5,,parent,come here .,hold~,take red ball,red ball,Add,,,,,
43,5,,parent,six .,,,,,,,,,
43,5,0:58:35,parent,,hold,take yellow ball,yellow ball,Only Gesture,,,,,
43,5,,child,can I throw it over my head ?,,,,,,head,,head,
43,5,,parent,okay .,,,,,,,,,
43,5,,child,thank+you .,,,,,,,,,
43,5,0:58:48,child,,palm,give yellow ball,yellow ball,Only Gesture,,,ball,ball,
43,5,0:58:48,parent,,hold,take yellow ball,yellow ball,Only Gesture,,,,,
43,5,,parent,,hold,take tennis ball,tennis ball,Only Gesture,,,,,
43,5,0:58:51,parent,tennis ball .,hold~,take tennis ball,tennis ball,Add,,tennis_ball,,tennis_ball,
43,5,,child,no .,,,,,,,,,
43,5,,parent,no ?,,,,,,,,,
43,5,0:58:55,parent,purple ball ?,hold,take purple ball,purple ball,Add,,ball,,ball,
43,5,,child,yes .,,,,,,,,,
43,5,0:59:01,child,how_about Spiderman ball ?,,,,,,ball,,ball,
43,5,0:59:01,parent,,hold,take red ball,red ball,Only Gesture,,,,,
43,5,,parent,what+about what ?,,,,,,,,,
43,5,,child,how +...,,,,,,,,,
43,5,,parent,"&oh, Spiderman ball .",,,,,,ball,,ball,
43,5,,parent,here's your hardhat .,,,,,,hardhat,,hardhat,
43,5,,child,"no, this not +...",hold,hardhat,hardhat,Disambiguate,,,hardhat,hardhat,
43,5,,child,no .,hold~,hardhat,hardhat,Add,,,hardhat,hardhat,
43,5,0:59:45,parent,and the bowling pins .,hold,take yellow bowling pin,yellow bowling pin,Add,,bowling_pin,,bowling_pin,
43,5,,child,what the thing scratched ?,,,,,,,,,
43,5,0:59:52,child,what scratched him ?,point,bowling pin,bowling pin,Disambiguate,,,,,
43,5,,parent,I don't know .,,,,,,,,,
43,5,,parent,maybe somebody stepped on it .,,,,,,,,,
43,5,,child,who stepped on it ?,,,,,,,,,
43,5,,parent,I don't know .,,,,,,,,,
43,5,,parent,maybe I did .,,,,,,,,,
43,5,,child,maybe you did .,,,,,,,,,
43,5,2:00:03,child,,,,,,end of tape 1,,,,
43,5,2:00:03,parent,I might have .,,,,,end of tape 1,,,,
43,5,,child,,,,,,start tape 2,,,,
43,5,,parent,,,,,,start tape 2,,,,
43,5,0:00:16,child,can pretend it is little bridge ?,point,fork pretend bridge,fork pretend bridge,Reinforce,,bridge,bridge,bridge,
43,5,,parent,sure .,,,,,,,,,
43,5,,parent,it's a little bridge .,,,,,,bridge,bridge,bridge,
43,5,,child,who will cross it ?,,,,,,,,,
43,5,,parent,&xxx sticks .,,,,,,stick,,stick,
43,5,0:00:27,child,stick .,,,,,,stick,,stick,
43,5,0:00:27,parent,,hold,take stick,stick,Only Gesture,,,,,
43,5,,parent,a little stick .,,,,,,stick,,stick,
43,5,0:00:36,parent,go across the little bridge .,palm,fork pretend bridge,fork pretend bridge,Reinforce,,bridge,bridge,bridge,
43,5,,child,who could go across it ?,,,,,,,,,
43,5,,child,probably Thomas .,,,,,,,,,
43,5,,parent,another little rock .,,,,,,rock,,rock,
43,5,,child,&xxx should take me up the bridge .,,,,,,bridge,,bridge,
43,5,,child,down bridge .,,,,,,bridge,,bridge,
43,5,,child,we going to cross the Golden_Gate_Bridge .,,,,,,bridge,,bridge,
43,5,,parent,that's right .,,,,,,,,,
43,5,,parent,you're going to go see the Golden_Gate_Bridge .,,,,,,bridge,,bridge,
43,5,,child,how_about my Dad Golden_Gate_Bridge ?,,,,,,dad; bridge,,dad; bridge,
43,5,,parent,huh ?,,,,,,,,,
43,5,,child,how_about the other one ?,,,,,,,,,
43,5,,parent,the Bay_Bridge ?,,,,,,bridge,,bridge,
43,5,,parent,yes .,,,,,,,,,
43,5,,parent,remember they're # had big cranes ?,,,,,,crane,,crane,
43,5,,parent,they're building a new Bay_Bridge .,,,,,,bridge,,bridge,
43,5,,parent,when we were driving in the rental car ?,,,,,,car,,car,
43,5,,parent,what city were we in ?,,,,,,,,,
43,5,,child,San_Francisco .,,,,,,,,,
43,5,,parent,that's right .,,,,,,,,,
43,5,,child,where San_Francisco ?,,,,,,,,,
43,5,0:02:15,parent,huh ?,,,,,,,,,
43,5,,parent,who lives there ?,,,,,,,,,
43,5,,child,yes .,,,,,,,,,
43,5,,parent,who does live there ?,,,,,,,,,
43,5,,parent,that's right .,,,,,,,,,
43,5,,parent,what's his kitty cat's name ?,,,,,,cat,,cat,
43,5,,parent,yeah .,,,,,,,,,
43,5,,parent,that's right .,,,,,,,,,
43,5,,parent,who # who lives in Oakland ?,,,,,,,,,
43,5,,child,Lucy .,,,,,,,,,
43,5,,parent,mmhm .,,,,,,,,,
43,5,,child,Lucy at the airport .,,,,,,airport,,airport,
43,5,,parent,yeah .,,,,,,,,,
43,5,,child,where Lucy ?,,,,,,,,,
43,5,,parent,Lucy ?,,,,,,,,,
43,5,,parent,"she's at # she's # in Oakland, at her house .",,,,,,house,,house,
43,5,,parent,with her mommy and Daddy .,,,,,,mom; dad,,mom; dad,
43,5,,child,&xxx for a dinner there .,,,,,,,,,
43,5,,child,why you going down ?,,,,,,,,,
43,5,,child,we going down around .,,,,,,,,,
43,5,0:03:29,child,sand boy train .,,,,,,sand; boy; train,,sand; boy; train,
43,5,,child,sand boy train going to +...,,,,,,sand; boy; train,,sand; boy; train,
43,5,,child,who is in +...,,,,,,,,,
43,5,,child,who is straight ahead .,,,,,,,,,
43,5,,parent,&xxx straight ahead .,,,,,,,,,
43,5,,child,probably James .,,,,,,,,,
43,5,,parent,James ?,,,,,,,,,
43,5,,child,yes .,,,,,,,,,
43,5,,child,James straight ahead .,,,,,,,,,
43,5,,child,how_about +...,,,,,,,,,
43,5,,child,how_about James carrying ?,,,,,,,,,
43,5,,parent,&xxx carrying .,,,,,,,,,
43,5,,parent,do you want James &xxx on your train table ?,,,,,,train; table,,train; table,
43,5,,child,yes .,,,,,,,,,
43,5,0:04:36,child,he want to go down here .,point,back of bench,back of bench,Disambiguate,,,,,
43,5,,parent,&oh .,,,,,,,,,
43,5,,parent,what's he carrying ?,,,,,,,,,
43,5,,child,probably some coal .,,,,,,coal,,coal,
43,5,,parent,some coal .,,,,,,coal,,coal,
43,5,,parent,in the topper car ?,,,,,,car,,car,
43,5,,child,how_about I do the topper car .,,,,,,car,,car,
43,5,,parent,the boxcar ?,,,,,,boxcar,,boxcar,
43,5,,child,what it has in it ?,,,,,,,,,
43,5,,parent,maybe it has books .,,,,,,book,,book,
43,5,,child,probably has boxes .,,,,,,box,,box,
43,5,,parent,boxes in a boxcar ?,,,,,,box; boxcar,,box; boxcar,
43,5,,child,how_about next to boxcar ?,,,,,,boxcar,,boxcar,
43,5,,parent,maybe a dump+truck ?,,,,,,dumptruck,,dumptruck,
43,5,,child,and caboose .,,,,,,caboose,,caboose,
43,5,,parent,caboose is at the end .,,,,,,caboose,,caboose,
43,5,,parent,maybe it has a boxcar of # a whole bunch of balls ?,,,,,,boxcar; ball,,boxcar; ball,
43,5,,child,no .,,,,,,,,,
43,5,,parent,no ?,,,,,,,,,
43,5,,parent,bunch of toys ?,,,,,,toy,,toy,
43,5,,child,no .,,,,,,,,,
43,5,,parent,with a giant Excavator ?,,,,,,excavator,,excavator,
43,5,,child,no .,,,,,,,,,
43,5,,child,not truck .,,,,,,truck,,truck,
43,5,,parent,"&uh, bowling pins ?",,,,,,bowling_pin,,bowling_pin,
43,5,,child,no .,,,,,,,,,
43,5,,child,hmm .,,,,,,,,,
43,5,,child,how_about in a boxcar ?,,,,,,boxcar,,boxcar,
43,5,0:05:39,parent,maybe some water+melon .,,,,,,watermelon,,watermelon,
43,5,,parent,maybe a bunch of watermelons .,,,,,,watermelon,,watermelon,
43,5,,parent,and cantaloupes and honeydews ?,,,,,,cantaloupe; honeydew,,canteloupe; honeydew,
43,5,,parent,all kinds of melons .,,,,,,melon,,melon,
43,5,,child,probably melon ball .,,,,,,melon; ball,,melon; ball,
43,5,,parent,"melon ball, sure .",,,,,,melon; ball,,melon; ball,
43,5,,child,cantaloupe .,,,,,,cantaloupe ,,cantaloupe ,
43,5,,parent,"I don't have any cantaloupe, honey .",,,,,,cantaloupe ,,cantaloupe ,
43,5,,parent,just water+melon .,,,,,,watermelon,,watermelon,
43,5,,parent,"we'll get some at the grocery store, okay ?",,,,,,grocery_store,,grocery_store,
43,5,,child,cantaloupe .,,,,,,cantaloupe ,,cantaloupe ,
43,5,,child,I laughing .,,,,,,,,,
43,5,0:06:37,parent,you are laughing .,,,,,,,,,
43,5,,parent,let me see that belly .,,,,,,tummy,,tummy,
43,5,,parent,it all full of water+melon ?,,,,,,watermelon,,watermelon,
43,5,,parent,&ah !,,,,,,,,,
43,5,,parent,there it is .,,,,,,,,,
43,5,,parent,what happens when you eat the water+melon ?,,,,,,watermelon,,watermelon,
43,5,,parent,"when you eat it, where does it go ?",,,,,,,,,
43,5,0:06:58,child,in +...,palm,in tummy,in tummy,Disambiguate,,,tummy,tummy,
43,5,0:07:01,child,in my tummy .,palm,in tummy,in tummy,Reinforce,,tummy,tummy,tummy,
43,5,,parent,into your tummy .,,,,,,tummy,,tummy,
43,5,,parent,into your stomach .,,,,,,tummy,,tummy,
43,5,,parent,what's your stomach do ?,,,,,,tummy,,tummy,
43,5,0:07:14,parent,break it up into tiny little pieces ?,,,,,,,,,
43,5,0:07:20,parent,the water+melon's in there .,palm,C's stomach/ watermelon in stomach,C's stomach/ watermelon in stomach,Reinforce,,watermelon,tummy; watermelon,tummy; watermelon,
43,5,0:07:23,parent,you eat it and it goes down through and goes into your stomach .,point.iconic.point,C's mouth.downward.C's stomch,C's mouth.path from mouth to stomach. stomach,Add,,tummy,mouth; tummy,mouth; tummy,
43,5,0:07:31,child,it goes down my and into my tummy .,iconic,downward,,Reinforce,,tummy,,tummy ,
43,5,,parent,yes .,,,,,,,,,
43,5,,parent,stomach .,,,,,,tummy,,tummy,
43,5,,child,stomach .,,,,,,tummy,,tummy,
43,5,,parent,yes .,,,,,,,,,
43,5,,parent,and then your stomach breaks it up into little pieces .,,,,,,tummy,,tummy,
43,5,,parent,so your body can use it for energy .,,,,,,body,,body,
43,5,0:08:11,child,it goes down .,iconic,downward,,Reinforce,,,,,
43,5,0:08:17,child,it goes down my and into my tummy .,iconic,downward,,Reinforce,,tummy,,tummy,
43,5,,parent,yep .,,,,,,,,,
43,5,,child,I can white seed .,,,,,,seed,,seed,
43,5,,child,no .,,,,,,,,,
43,5,,parent,those seeds are okay .,,,,,,seed,,seed,
43,5,,parent,you don't want to eat the big black seeds .,,,,,,seed,,seed,
43,5,,parent,you can eat the little white seeds .,,,,,,seed,,seed,
43,5,0:08:56,child,,shake,no,,Only Gesture,,,,,
43,5,,child,not eat black seed .,shake~,no,,Reinforce,,seed,,seed,
43,5,,child,no .,shake~,no,,Reinforce,,,,,
43,5,0:09:01,parent,not the big black seeds .,shake,no,,Reinforce,,seed,,seed,
43,5,,child,the white +...,,,,,,,,,
43,5,,parent,the white seeds are okay .,,,,,,seed,,seed,
43,5,,child,how_about the black seeds ?,,,,,,seed,,seed,
43,5,,parent,"no, we took those out .",,,,,,,,,
43,5,,parent,can't eat those .,,,,,,,,,
43,5,,child,big water+melon .,,,,,,watermelon,,watermelon,
43,5,,child,it big .,,,,,,,,,
43,5,,child,giant dump+truck .,,,,,,dumptruck,,dumptruck,
43,5,,child,dump all the &xxx .,,,,,,,,,
43,5,,child,you &xxx no .,,,,,,,,,
43,5,0:10:16,child,you &xxx .,,,,,,,,,
43,5,,child,don't .,,,,,,,,,
43,5,,child,I said +...,,,,,,,,,
43,5,,child,I said no@q .,,,,,,,,,
43,5,,child,I said no@q .,,,,,,,,,
43,5,,child,Mom .,,,,,,mom,,mom,
43,5,,child,&xxx the dirt .,,,,,,dirt,,dirt,
43,5,,child,"no, not +...",,,,,,,,,
43,5,,child,watch me .,,,,,,,,,
43,5,,child,watch me .,,,,,,,,,
43,5,,child,no .,,,,,,,,,
43,5,,child,&xxx sleeping .,,,,,,,,,
43,5,0:11:31,child,not yet .,,,,,,,,,
43,5,,child,this train &xxx .,,,,,,train,,train,
43,5,,child,this train +...,,,,,,train,,train,
43,5,,child,do .,,,,,,,,,
43,5,,child,a can do ?,,,,,,,,,
43,5,0:13:24,child,no .,,,,,,,,,
43,5,,child,not .,,,,,,,,,
43,5,,child,&xxx not you .,,,,,,,,,
43,5,,child,my tractor moving .,,,,,,tractor,,tractor,
43,5,,child,my tractor is moving .,,,,,,tractor,,tractor,
43,5,,parent,it is moving .,$,,,,,,,,
43,5,,parent,are you making it move ?,$,,,,,,,,
43,5,,child,this is a airplane .,,,,,,airplane,,airplane,
43,5,,parent,an airplane ?,$,,,,,airplane,,airplane,
43,5,,child,"sit on back of the airplane, Mom .",,,,,M and C at same time,airplane; mom,,airplane; mom,
43,5,,parent,where +...,$,,,,M and C at same time,,,,
43,5,,parent,where are you flying to ?,$,,,,,,,,
43,5,,child,hmm .,,,,,,,,,
43,5,,parent,hmm .,$,,,,,,,,
43,5,,parent,are you going on vacation ?,$,,,,,,,,
43,5,,parent,"where are you flying to, Lincoln ?",$,,,,,child,,child,
43,5,,child,probably to see Lucy .,,,,,,,,,
43,5,,parent,to see Lucy ?,$,,,,,,,,
43,5,,parent,where does she live ?,$,,,,,,,,
43,5,,child,in Oakland .,,,,,,,,,
43,5,,parent,"Oakland, California .",$,,,,,,,,
43,5,,child,Oakland_California .,,,,,,,,,
43,5,,child,I see the &xxx moving .,,,,,,,,,
43,5,,parent,it is .,$,,,,,,,,
43,5,0:14:40,child,how_about sit back of the airplane ?,palm,back of tractor pretend airplane,back of tractor pretend airplane,Reinforce,,airplane,airplane,airplane,
43,5,,child,"sit back of the airplane, Mom .",palm~,back of tractor pretend airplane,back of tractor pretend airplane,Reinforce,,airplane; mom,airplane,airplane; mom,
43,5,,parent,is there room ?,,,,,,,,,
43,5,,parent,whee !,,,,,,,,,
43,5,,parent,not much room for me .,,,,,,,,,
43,5,,parent,it's a little airplane .,,,,,,airplane,,airplane,
43,5,,child,can you ride on my little airplane ?,,,,,,airplane,,airplane,
43,5,0:15:00,parent,"look Lincoln, you're leaving tracks .",point,tracks,tracks,Reinforce,,child; track,track,child; track,
43,5,,parent,see ?,point~,tracks,tracks,Add,,,track,track ,
43,5,,parent,tracks in the mud .,,,,,,mud; track,,mud; track,
43,5,,child,hey look at a mud .,,,,,,mud,,mud,
43,5,,parent,,point,tracks,tracks,Only Gesture,,,track,track ,
43,5,,parent,a little track of the Excavator .,,,,,,track; excavator,,track; excavator,
43,5,,child,some more track .,,,,,,track ,,track ,
43,5,,parent,more tracks .,$,,,,,track,,track,
43,5,,child,tractor .,,,,,,tractor,,tractor,
43,5,,parent,huh ?,$,,,,,,,,
43,5,,child,how_about &xxx .,,,,,,,,,
43,5,,child,how_about sitting on a little airplane ?,,,,,,airplane,,airplane,
43,5,,child,sit on little airplane .,,,,,,airplane,,airplane,
43,5,,child,sit +...,,,,,,,,,
43,5,0:16:06,parent,I'm sitting on the big airplane over here .,$,,,,,airplane,,airplane,
43,5,,parent,where you flying ?,$,,,,,,,,
43,5,,parent,are you going to go to New_York_City ?,$,,,,,,,,
43,5,,parent,"careful honey, it might tip over .",$,,,,,,,,
43,5,,child,"Mom, ride on this airplane .",,,,,,mom; airplane,,mom; airplane,
43,5,,parent,just for a minute .,$,,,,,,,,
43,5,,parent,"there's not much room for me, honey .",$,,,,,,,,
43,5,,parent,can't really fit on .,,,,,,,,,
43,5,,parent,I'm too big .,,,,,,,,,
43,5,,child,whee .,,,,,,,,,
43,5,,parent,"whee, here we go .",,,,,,,,,
43,5,,parent,we going to go to New_York_City to visit Carla ?,,,,,,,,,
43,5,,child,hi Mom .,,,,,,mom,,mom,
43,5,,parent,hi sweetie .,,,,,,,,,
43,5,,parent,we taking off ?,,,,,,,,,
43,5,,parent,we going up in the air ?,,,,,,,,,
43,5,,child,no .,,,,,,,,,
43,5,,parent,are we landing ?,,,,,,,,,
43,5,,parent,we down on the ground ?,,,,,,floor,,floor,
43,5,,child,very slow .,,,,,,,,,
43,5,,parent,going slow .,$,,,,,,,,
43,5,,child,up .,,,,,,,,,
43,5,,child,arriba@f .,,,,,,,,,
43,5,0:17:08,parent,Arriba arriba .,$,,,,,,,,
43,5,,child,can Lilia up in the sky ?,,,,,,,,,
43,5,,parent,huh ?,$,,,,,,,,
43,5,,child,can Lilia lift me up in the sky ?,,,,,,,,,
43,5,,parent,"well, honey, you got to pretend .",$,,,,,,,,
43,5,,parent,you're too big and heavy to lift way up into the sky .,$,,,,,,,,
43,5,,child,"&oh, how_about in the sky ?",,,,,,,,,
43,5,,parent,clouds ?,$,,,,,cloud,,cloud,
43,5,0:17:25,child,,,,,,"gesture not in video, remembered from visit",,,,
43,5,0:17:25,parent,"look, there's a little tiny airplane way up there .",point,airplane in sky,airplane in sky,Reinforce,"gesture not in video, remembered from visit",airplane,airplane,airplane,
43,5,,parent,can you see it ?,point~,airplane in sky,airplane in sky,Disambiguate,,,airplane,airplane,
43,5,,parent,look over there .,point~,airplane in sky,airplane in sky,Disambiguate,,,airplane,airplane,
43,5,,parent,really tiny .,point~,tiny looking airplane,tiny looking airplane,Reinforce,,,airplane,airplane,
43,5,,parent,can you see it ?,point~,airplane in sky,airplane in sky,Disambiguate,,,airplane,airplane,
43,5,,child,where &xxx .,,,,,,,,,
43,5,0:17:36,parent,,point,airplane in sky,airplane in sky,Only Gesture,,,airplane,airplane,
43,5,0:17:43,parent,look .,point,airplane in sky,airplane in sky,Add,,,airplane,airplane,
43,5,,parent,see ?,point~,airplane in sky,airplane in sky,Add,,,airplane,airplane,
43,5,,parent,see it ?,point~,airplane in sky,airplane in sky,Disambiguate,,,airplane,airplane,
43,5,0:17:50,child,,point,airplane in sky,airplane in sky,Only Gesture,,,airplane,airplane,
43,5,,parent,very tiny .,,,,,,,,,
43,5,,parent,very very far away .,,,,,,,,,
43,5,0:17:55,child,,point,airplane in sky,airplane in sky,Only Gesture,,,airplane,airplane,
43,5,0:18:03,child,it making a contrail .,point,contrail,contrail,Reinforce,,contrail,contrail,contrail,
43,5,,parent,it is making a contrail .,$,,,,,contrail,,contrail,
43,5,,child,"it is making a contrail, Mom .",,,,,,contrail; mom,,contrail; mom,
43,5,,child,"&oh, &xxx Jimbo .",,,,,,,,,
43,5,,parent,is it Jimbo ?,$,,,,,,,,
43,5,,parent,Jimbo the jet ?,$,,,,,,,,
43,5,,parent,making a contrail through the sky ?,$,,,,,contrail,,contrail,
43,5,0:18:19,child,hi Jimbo .,wave,hello,,Reinforce,,,,,
43,5,,child,I see that .,,,,,,,,,
43,5,,child,I see the &xxx .,,,,,,,,,
43,5,,child,&xxx move .,,,,,,,,,
43,5,,child,"move, Mom .",,,,,,mom,,mom,
43,5,,child,he &xxx to move .,,,,,,,,,
43,5,,parent,huh ?,,,,,,,,,
43,5,,parent,moving very fast .,,,,,,,,,
43,5,,parent,it's almost gone .,,,,,,,,,
43,5,,parent,you can't even see it anymore .,,,,,,,,,
43,5,,child,it is going .,,,,,,,,,
43,5,,child,hey Thomas .,,,,,,,,,
43,5,,parent,sweetie .,,,,,,,,,
43,5,,parent,you tired ?,,,,,,,,,
43,5,,parent,you want to go inside ?,,,,,,,,,
43,5,,child,hi Thomas .,,,,,,,,,
43,5,,child,I miss you .,,,,,,,,,
43,5,,parent,I miss you too .,,,,,,,,,
43,5,,parent,"&oh, thank+you sweetie .",,,,,,,,,
43,5,,parent,thank+you .,,,,,,,,,
43,5,,child,thank+you .,,,,,,,,,
43,5,,parent,thanks for my kiss .,,,,,,,,,
43,5,,parent,thanks for my smooch .,,,,,,,,,
43,5,,parent,thanks for my sugar .,,,,,,,,,
43,5,0:19:23,parent,thanks for my loving .,,,,,,,,,
43,5,,child,how_about the water ?,,,,,,water,,water,
43,5,,parent,it's all gone .,,,,,,,,,
43,5,,parent,you poured it on the flowers .,,,,,,flower,,flower,
43,5,,child,can get some more please ?,,,,,,,,,
43,5,,parent,okay .,,,,,,,,,
43,5,0:20:04,parent,can you go water the &xxx .,point,NAME plant,NAME plant,Reinforce,,,hollyhock,hollyhock,
43,5,,parent,over there .,point~,NAME plant,NAME plant,Disambiguate,,,hollyhock,hollyhock,
43,5,,child,hollyhock .,,,,,,hollyhock,,hollyhock,
43,5,,parent,the hollyhock ?,nod,emphasis,,Emphasis,,hollyhock,,hollyhock,
43,5,,parent,okay .,,,,,,,,,
43,5,,child,hollyhock .,,,,,,hollyhock,,hollyhock,
43,5,,child,&xxx hollyhock .,,,,,,hollyhock,,hollyhock,
43,5,,child,no .,,,,,,,,,
43,5,,child,"no, I +...",,,,,,,,,
43,5,,child,I better get water from the water fountain .,,,,,,water; water_fountain,,water; water_fountain,
43,5,,child,better get water from the water fountain .,,,,,,water; water_fountain,,water; water_fountain,
43,5,,child,from the water fountain .,,,,,,water_fountain,,water_fountain,
43,5,,child,from the +...,,,,,,,,,
43,5,,child,I better get water from the water fountain .,,,,,,water; water_fountain,,water; water_fountain,
43,5,,child,"this the water fountain, Mom ?",,,,,,water_fountain; mom,,water_fountain; mom,
43,5,0:21:05,parent,"Lincoln, why don't you # water the # &um # peonies down here at the end .",point,peonies,peonies,Reinforce,,child; water; peony,peony,child; water; peony,
43,5,,child,huh ?,,,,,,,,,
43,5,,child,how_about +...,,,,,,,,,
43,5,0:21:09,parent,that one .,point,peonies in yard,peonies in yard,Disambiguate,,,peony,peony,
43,5,,parent,want to do this one ?,point~,peonies in yard,peonies in yard,Disambiguate,,,peony,peony,
43,5,,parent,the peonies ?,point~,peonies in yard,peonies in yard,Reinforce,,peony,peony,peony,
43,5,,child,how_about the peonies ?,,,,,,peony,,peony,
43,5,,parent,peonies .,point~,peonies in yard,peonies in yard,Reinforce,,peony,peony,peony,
43,5,,child,how +...,,,,,,,,,
43,5,,parent,very good .,,,,,,,,,
43,5,,parent,they needed # they were thirsty .,,,,,,,,,
43,5,,child,,,,,,C singing itsy bitsy spinder,,,,
43,5,,parent,,,,,,C singing itsy bitsy spinder,,,,
43,5,,parent,that's right .,$,,,,,,,,
43,5,,child,yay !,,,,,M and C at once,,,,
43,5,,parent,very good .,$,,,,M and C at once,,,,
43,5,,parent,good singing .,$,,,,,,,,
43,5,,child,how_about the Itsy_Bitsy_Spider ?,$,,,,,spider,,spider,
43,5,,parent,huh ?,$,,,,,,,,
43,5,,child,the Itsy_Bitsy_Spider ?,,,,,,spider,,spider,
43,5,,parent,Probably # crawled up the spout again .,$,,,,,spout,,spout,
43,5,0:22:22,parent,"he's up at the very top again, probably .",$,,,,,,,,
43,5,,child,&oh .,,,,,,,,,
43,5,,child,here rain .,,,,,,rain,,rain,
43,5,,child,"here come the rain, Mom .",,,,,,rain; mom,,rain; mom,
43,5,,child,Mom .,,,,,,mom,,mom,
43,5,0:22:37,child,here come the rain .,,,,,,rain,,rain,
43,5,,parent,you going to sing the song again ?,$,,,,,,,,
43,5,,child,stuck in &xxx .,,,,,,,,,
43,5,,child,&oh .,,,,,,,,,
43,5,,child,the water &xxx going to get me all wet .,,,,,,water,,water,
43,5,,child,how_about the water can ?,,,,,,watering_can,,watering_can,
43,5,0:23:05,parent,you left in over there in the dirt .,point,watering can,watering can,Disambiguate,,dirt,watering_can,dirt; watering_can,
43,5,,parent,by the water spout .,,,,,,spout,,spout,
43,5,,child,,,,,,C singing itsy bitsy spider,,,,
43,5,,parent,,,,,,C singing itsy bitsy spider,,,,
43,5,,parent,what's in your pocket ?,$,,,,,pocket,,pocket,
43,5,0:24:06,child,I got dirty .,hold,hand,hand,Disambiguate,,,hand,hand,
43,5,,parent,that's okay .,,,,,,,,,
43,5,,parent,"wipe your hands off, honey .",demo,wiping hands,,Add,,hand,,hand,
43,5,,parent,go on .,,,,,,,,,
43,5,,parent,there you go .,,,,,,,,,
43,5,,child,watering+can full of dog poop .,,,,,,watering_can; dog; poop,,watering_can; dog; poop,
43,5,,parent,that's dirt .,,,,,,dirt,,dirt,
43,5,,child,how_about it come from ?,,,,,,,,,
43,5,0:24:28,parent,from the dirt over there .,point,dirt,dirt,Reinforce,,dirt,dirt,dirt,
43,5,,parent,want some more water ?,,,,,,water,,water,
43,5,,child,how_about more water from the water +...,,,,,,water,,water,
43,5,,child,more water from the +...,,,,,,water,,water,
43,5,,child,can I put in here ?,,,,,,,,,
43,5,,parent,okay .,,,,,,,,,
43,5,,parent,you can put it in the Frisbee .,,,,,,frisbee,,frisbee,
43,5,,child,the water fountain &xxx ?,,,,,,water_fountain,,water_fountain,
43,5,0:26:02,child,how_about the water fountain ?,,,,,,water_fountain,,water_fountain,
43,5,,child,can I water you ?,,,,,,,,,
43,5,,child,"can put on you, Mom ?",,,,,,mom,,mom,
43,5,,parent,"no, not on me .",,,,,,,,,
43,5,,child,on &xxx .,,,,,,,,,
43,5,,parent,yes .,,,,,,,,,
43,5,,child,not on you .,,,,,,,,,
43,5,,child,can I have a drink ?,,,,,,,,,
43,5,,child,can +...,,,,,,,,,
43,5,,parent,Lincoln .,,,,,,child,,child,
43,5,,parent,I'll go get you one .,,,,,,,,,
43,5,,parent,you want me to get you a little cup ?,,,,,,cup,,cup,
43,5,,child,yes .,,,,,,,,,
43,5,,parent,you want a little cup to drink ?,,,,,,cup,,cup,
43,5,,child,yes .,,,,,,,,,
43,5,,parent,okay .,,,,,,,,,
43,5,,parent,here .,,,,,,,,,
43,5,0:27:21,parent,you can use this .,,,,,,,,,
43,5,,child,no .,,,,,,,,,
43,5,,parent,no ?,,,,,,,,,
43,5,0:27:29,parent,"okay, you want to fill it up with the wateringcan ?",point,watering can,waterincg can,Reinforce,,watering_can,watering_can,watering_can,
43,5,,parent,let's clean the wateringcan out .,,,,,,watering_can,,watering_can,
43,5,,parent,"then we can get a paper towel, okay ?",,,,,,paper_towel,,paper_towel,
43,5,,parent,I'll get a paper towel .,,,,,,paper_towel,,paper_towel,
43,5,,parent,okay .,,,,,,,,,
43,5,0:28:31,parent,want to pour it into the cup ?,,,,,,cup,,cup,
43,5,,parent,watch out .,,,,,,,,,
43,5,,parent,you're getting your shoes all wet .,,,,,,shoe,,shoe,
43,5,,parent,that's okay .,,,,,,,,,
43,5,,parent,there .,,,,,,,,,
43,5,0:28:40,parent,,hold,cup,cup,Only Gesture,,,cup,cup,
43,5,,child,how_about on my shoes ?,,,,,,shoe,,shoe,
43,5,,parent,it's off .,,,,,,,,,
43,5,,parent,there .,,,,,,,,,
43,5,,parent,it's fine .,,,,,,,,,
43,5,,parent,okay ?,,,,,,,,,
43,5,,parent,"okay, that's good .",,,,,,,,,
43,5,,parent,it's full .,,,,,,,,,
43,5,0:29:14,parent,,hold,take cup of water,cup of water,Only Gesture,,,,,
43,5,,child,dump in grass ?,,,,,,grass,,grass,
43,5,,parent,yeah .,,,,,,,,,
43,5,,parent,can Mommy have a sip ?,,,,,,mom,,mom,
43,5,,child,come out .,,,,,,,,,
43,5,,child,&xxx the watering+can .,,,,,,watering_can,,watering_can,
43,5,0:29:56,child,,,,,,end of tape 2,,,,
43,5,0:29:56,parent,"good idea, Lincoln .",$,,,,end of tape 2,child,,,